fdc:RelatedPerson	owl:deprecated	true	xsd:boolean
fdc:RegistrationAuthority	owl:deprecated	true	xsd:boolean
fdc:RegistrationAgency	owl:deprecated	true	xsd:boolean
fdc:ProjectMember	owl:deprecated	true	xsd:boolean
fdc:ProjectManager	owl:deprecated	true	xsd:boolean
fdc:ProjectLeader	owl:deprecated	true	xsd:boolean
fdc:Producer	owl:deprecated	true	xsd:boolean
fdc:HostingInstitution	owl:deprecated	true	xsd:boolean
fdc:Editor	owl:deprecated	true	xsd:boolean
fdc:Distributor	owl:deprecated	true	xsd:boolean
fdc:DataManager	owl:deprecated	true	xsd:boolean
fdc:DataCurator	owl:deprecated	true	xsd:boolean
fdc:DataCollector	owl:deprecated	true	xsd:boolean
fdc:ContactPerson	owl:deprecated	true	xsd:boolean
fdc:ContributorRole	owl:deprecated	true	xsd:boolean
fdc:OtherResource	owl:deprecated	true	xsd:boolean
fdc:Workflow	owl:deprecated	true	xsd:boolean
fdc:Text	owl:deprecated	true	xsd:boolean
fdc:Sound	owl:deprecated	true	xsd:boolean
fdc:Software	owl:deprecated	true	xsd:boolean
fdc:Service	owl:deprecated	true	xsd:boolean
fdc:PhysicalObject	owl:deprecated	true	xsd:boolean
fdc:Model	owl:deprecated	true	xsd:boolean
fdc:InteractiveResource	owl:deprecated	true	xsd:boolean
fdc:Image	owl:deprecated	true	xsd:boolean
fdc:Event	owl:deprecated	true	xsd:boolean
fdc:DataStream	owl:deprecated	true	xsd:boolean
fdc:Dataset	owl:deprecated	true	xsd:boolean
fdc:DataCatalog	owl:deprecated	true	xsd:boolean
fdc:DataPaper	owl:deprecated	true	xsd:boolean
fdc:Collection	owl:deprecated	true	xsd:boolean
fdc:Audiovisual	owl:deprecated	true	xsd:boolean
fdc:ResourceTypeCategory	owl:deprecated	true	xsd:boolean
fdc:IRI	owl:deprecated	true	xsd:boolean
fdc:w3id	owl:deprecated	true	xsd:boolean
fdc:URN	owl:deprecated	true	xsd:boolean
fdc:URL	owl:deprecated	true	xsd:boolean
fdc:URI	owl:deprecated	true	xsd:boolean
fdc:UPC	owl:deprecated	true	xsd:boolean
fdc:PURL	owl:deprecated	true	xsd:boolean
fdc:PMID	owl:deprecated	true	xsd:boolean
fdc:LSID	owl:deprecated	true	xsd:boolean
fdc:LISSN	owl:deprecated	true	xsd:boolean
fdc:ISTC	owl:deprecated	true	xsd:boolean
fdc:ISSN	owl:deprecated	true	xsd:boolean
fdc:ISBN	owl:deprecated	true	xsd:boolean
fdc:IGSN	owl:deprecated	true	xsd:boolean
fdc:Handle	owl:deprecated	true	xsd:boolean
fdc:EISSN	owl:deprecated	true	xsd:boolean
fdc:EAN13	owl:deprecated	true	xsd:boolean
fdc:DOI	owl:deprecated	true	xsd:boolean
fdc:bibcode	owl:deprecated	true	xsd:boolean
fdc:arXiv	owl:deprecated	true	xsd:boolean
fdc:ARK	owl:deprecated	true	xsd:boolean
fdc:IdentifierType	owl:deprecated	true	xsd:boolean
fdc:Withdrawn	owl:deprecated	true	xsd:boolean
fdc:Valid	owl:deprecated	true	xsd:boolean
fdc:Updated	owl:deprecated	true	xsd:boolean
fdc:Submitted	owl:deprecated	true	xsd:boolean
fdc:Issued	owl:deprecated	true	xsd:boolean
fdc:Created	owl:deprecated	true	xsd:boolean
fdc:Collected	owl:deprecated	true	xsd:boolean
fdc:Copyrighted	owl:deprecated	true	xsd:boolean
fdc:Available	owl:deprecated	true	xsd:boolean
fdc:Accepted	owl:deprecated	true	xsd:boolean
fdc:Published	owl:deprecated	true	xsd:boolean
fdc:DateType	owl:deprecated	true	xsd:boolean
fdc:OtherRole	owl:deprecated	true	xsd:boolean
fdc:WorkPackageLeader	owl:deprecated	true	xsd:boolean
fdc:Supervisor	owl:deprecated	true	xsd:boolean
fdc:Sponsor	owl:deprecated	true	xsd:boolean
fdc:RightsHolder	owl:deprecated	true	xsd:boolean
fdc:ResearchGroup	owl:deprecated	true	xsd:boolean
fdc:Researcher	owl:deprecated	true	xsd:boolean
fdc:LicenseIdentifier	owl:deprecated	true	xsd:boolean
fdc:IdentifierScheme	owl:deprecated	true	xsd:boolean
fdc:Organization	owl:deprecated	true	xsd:boolean
fdc:Person	owl:deprecated	true	xsd:boolean
fdc:ResourceCreatorType	owl:deprecated	true	xsd:boolean
fdc:AFL1.1	owl:deprecated	true	xsd:boolean
fdc:ADSL	owl:deprecated	true	xsd:boolean
fdc:AdobeGlyph	owl:deprecated	true	xsd:boolean
fdc:Adobe2006	owl:deprecated	true	xsd:boolean
fdc:Abstyles	owl:deprecated	true	xsd:boolean
fdc:AAL	owl:deprecated	true	xsd:boolean
fdc:0BSD	owl:deprecated	true	xsd:boolean
fdc:BSD3ClauseAttribution	owl:deprecated	true	xsd:boolean
fdc:BSD3Clause	owl:deprecated	true	xsd:boolean
fdc:BSD2ClauseViews	owl:deprecated	true	xsd:boolean
fdc:BSD2ClausePatent	owl:deprecated	true	xsd:boolean
fdc:BSD2Clause	owl:deprecated	true	xsd:boolean
fdc:BSD1Clause	owl:deprecated	true	xsd:boolean
fdc:Borceux	owl:deprecated	true	xsd:boolean
fdc:BlueOak1.0.0	owl:deprecated	true	xsd:boolean
fdc:blessing	owl:deprecated	true	xsd:boolean
fdc:BitTorrent1.1	owl:deprecated	true	xsd:boolean
fdc:BitTorrent1.0	owl:deprecated	true	xsd:boolean
fdc:Beerware	owl:deprecated	true	xsd:boolean
fdc:Barr	owl:deprecated	true	xsd:boolean
fdc:Bahyph	owl:deprecated	true	xsd:boolean
fdc:Artistic2.0	owl:deprecated	true	xsd:boolean
fdc:Artistic1.0Perl	owl:deprecated	true	xsd:boolean
fdc:Artistic1.0cl8	owl:deprecated	true	xsd:boolean
fdc:Artistic1.0	owl:deprecated	true	xsd:boolean
fdc:APSL2.0	owl:deprecated	true	xsd:boolean
fdc:APSL1.2	owl:deprecated	true	xsd:boolean
fdc:APSL1.1	owl:deprecated	true	xsd:boolean
fdc:APSL1.0	owl:deprecated	true	xsd:boolean
fdc:APL1.0	owl:deprecated	true	xsd:boolean
fdc:APAFML	owl:deprecated	true	xsd:boolean
fdc:Apache2.0	owl:deprecated	true	xsd:boolean
fdc:Apache1.1	owl:deprecated	true	xsd:boolean
fdc:Apache1.0	owl:deprecated	true	xsd:boolean
fdc:ANTLRPDfallback	owl:deprecated	true	xsd:boolean
fdc:ANTLRPD	owl:deprecated	true	xsd:boolean
fdc:AMPAS	owl:deprecated	true	xsd:boolean
fdc:AML	owl:deprecated	true	xsd:boolean
fdc:AMDPLPA	owl:deprecated	true	xsd:boolean
fdc:Aladdin	owl:deprecated	true	xsd:boolean
fdc:AGPL3.0orlater	owl:deprecated	true	xsd:boolean
fdc:AGPL3.0only	owl:deprecated	true	xsd:boolean
fdc:AGPL1.0orlater	owl:deprecated	true	xsd:boolean
fdc:AGPL1.0only	owl:deprecated	true	xsd:boolean
fdc:Afmparse	owl:deprecated	true	xsd:boolean
fdc:AFL3.0	owl:deprecated	true	xsd:boolean
fdc:AFL2.1	owl:deprecated	true	xsd:boolean
fdc:AFL2.0	owl:deprecated	true	xsd:boolean
fdc:AFL1.2	owl:deprecated	true	xsd:boolean
fdc:CCBYNCSA4.0	owl:deprecated	true	xsd:boolean
fdc:CCBYNCSA3.0	owl:deprecated	true	xsd:boolean
fdc:CCBYNCSA2.5	owl:deprecated	true	xsd:boolean
fdc:CCBYNCSA2.0	owl:deprecated	true	xsd:boolean
fdc:CCBYNCSA1.0	owl:deprecated	true	xsd:boolean
fdc:CCBYNCND4.0	owl:deprecated	true	xsd:boolean
fdc:CCBYNCND3.0IGO	owl:deprecated	true	xsd:boolean
fdc:CCBYNCND3.0	owl:deprecated	true	xsd:boolean
fdc:CCBYNCND2.5	owl:deprecated	true	xsd:boolean
fdc:CCBYNCND2.0	owl:deprecated	true	xsd:boolean
fdc:CCBYNCND1.0	owl:deprecated	true	xsd:boolean
fdc:CCBYNC4.0	owl:deprecated	true	xsd:boolean
fdc:CCBYNC3.0	owl:deprecated	true	xsd:boolean
fdc:CCBYNC2.5	owl:deprecated	true	xsd:boolean
fdc:CCBYNC2.0	owl:deprecated	true	xsd:boolean
fdc:CCBYNC1.0	owl:deprecated	true	xsd:boolean
fdc:CCBY4.0	owl:deprecated	true	xsd:boolean
fdc:CCBY3.0US	owl:deprecated	true	xsd:boolean
fdc:CCBY3.0AT	owl:deprecated	true	xsd:boolean
fdc:CCBY3.0	owl:deprecated	true	xsd:boolean
fdc:CCBY2.5	owl:deprecated	true	xsd:boolean
fdc:CCBY2.0	owl:deprecated	true	xsd:boolean
fdc:CCBY1.0	owl:deprecated	true	xsd:boolean
fdc:CATOSL1.1	owl:deprecated	true	xsd:boolean
fdc:Caldera	owl:deprecated	true	xsd:boolean
fdc:CAL1.0CombinedWorkException	owl:deprecated	true	xsd:boolean
fdc:CAL1.0	owl:deprecated	true	xsd:boolean
fdc:bzip21.0.6	owl:deprecated	true	xsd:boolean
fdc:bzip21.0.5	owl:deprecated	true	xsd:boolean
fdc:BUSL1.1	owl:deprecated	true	xsd:boolean
fdc:BSL1.0	owl:deprecated	true	xsd:boolean
fdc:BSDSourceCode	owl:deprecated	true	xsd:boolean
fdc:BSDProtection	owl:deprecated	true	xsd:boolean
fdc:BSD4ClauseUC	owl:deprecated	true	xsd:boolean
fdc:BSD4Clause	owl:deprecated	true	xsd:boolean
fdc:BSD3ClauseOpenMPI	owl:deprecated	true	xsd:boolean
fdc:BSD3ClauseNoNuclearWarranty	owl:deprecated	true	xsd:boolean
fdc:BSD3ClauseNoNuclearLicense2014	owl:deprecated	true	xsd:boolean
fdc:BSD3ClauseNoNuclearLicense	owl:deprecated	true	xsd:boolean
fdc:BSD3ClauseLBNL	owl:deprecated	true	xsd:boolean
fdc:BSD3ClauseClear	owl:deprecated	true	xsd:boolean
fdc:CUAOPL1.0	owl:deprecated	true	xsd:boolean
fdc:CrystalStacker	owl:deprecated	true	xsd:boolean
fdc:Crossword	owl:deprecated	true	xsd:boolean
fdc:CPOL1.02	owl:deprecated	true	xsd:boolean
fdc:CPL1.0	owl:deprecated	true	xsd:boolean
fdc:CPAL1.0	owl:deprecated	true	xsd:boolean
fdc:copyleftnext0.3.1	owl:deprecated	true	xsd:boolean
fdc:copyleftnext0.3.0	owl:deprecated	true	xsd:boolean
fdc:Condor1.1	owl:deprecated	true	xsd:boolean
fdc:CNRIPythonGPLCompatible	owl:deprecated	true	xsd:boolean
fdc:CNRIPython	owl:deprecated	true	xsd:boolean
fdc:CNRIJython	owl:deprecated	true	xsd:boolean
fdc:ClArtistic	owl:deprecated	true	xsd:boolean
fdc:CERNOHLW2.0	owl:deprecated	true	xsd:boolean
fdc:CERNOHLS2.0	owl:deprecated	true	xsd:boolean
fdc:CERNOHLP2.0	owl:deprecated	true	xsd:boolean
fdc:CERNOHL1.2	owl:deprecated	true	xsd:boolean
fdc:CERNOHL1.1	owl:deprecated	true	xsd:boolean
fdc:CECILLC	owl:deprecated	true	xsd:boolean
fdc:CECILLB	owl:deprecated	true	xsd:boolean
fdc:CECILL2.1	owl:deprecated	true	xsd:boolean
fdc:CECILL2.0	owl:deprecated	true	xsd:boolean
fdc:CECILL1.1	owl:deprecated	true	xsd:boolean
fdc:CECILL1.0	owl:deprecated	true	xsd:boolean
fdc:CDLASharing1.0	owl:deprecated	true	xsd:boolean
fdc:CDLAPermissive1.0	owl:deprecated	true	xsd:boolean
fdc:CDDL1.1	owl:deprecated	true	xsd:boolean
fdc:CDDL1.0	owl:deprecated	true	xsd:boolean
fdc:CC01.0	owl:deprecated	true	xsd:boolean
fdc:CCPDDC	owl:deprecated	true	xsd:boolean
fdc:CCBYSA4.0	owl:deprecated	true	xsd:boolean
fdc:CCBYSA3.0AT	owl:deprecated	true	xsd:boolean
fdc:CCBYSA3.0	owl:deprecated	true	xsd:boolean
fdc:CCBYSA2.5	owl:deprecated	true	xsd:boolean
fdc:CCBYSA2.0UK	owl:deprecated	true	xsd:boolean
fdc:CCBYSA2.0	owl:deprecated	true	xsd:boolean
fdc:CCBYSA1.0	owl:deprecated	true	xsd:boolean
fdc:CCBYND4.0	owl:deprecated	true	xsd:boolean
fdc:CCBYND3.0	owl:deprecated	true	xsd:boolean
fdc:CCBYND2.5	owl:deprecated	true	xsd:boolean
fdc:CCBYND2.0	owl:deprecated	true	xsd:boolean
fdc:CCBYND1.0	owl:deprecated	true	xsd:boolean
fdc:GFDL1.2only	owl:deprecated	true	xsd:boolean
fdc:GFDL1.2noinvariantsorlater	owl:deprecated	true	xsd:boolean
fdc:GFDL1.2noinvariantsonly	owl:deprecated	true	xsd:boolean
fdc:GFDL1.2invariantsorlater	owl:deprecated	true	xsd:boolean
fdc:GFDL1.2invariantsonly	owl:deprecated	true	xsd:boolean
fdc:GFDL1.1orlater	owl:deprecated	true	xsd:boolean
fdc:GFDL1.1only	owl:deprecated	true	xsd:boolean
fdc:GFDL1.1noinvariantsorlater	owl:deprecated	true	xsd:boolean
fdc:GFDL1.1noinvariantsonly	owl:deprecated	true	xsd:boolean
fdc:GFDL1.1invariantsorlater	owl:deprecated	true	xsd:boolean
fdc:GFDL1.1invariantsonly	owl:deprecated	true	xsd:boolean
fdc:FTL	owl:deprecated	true	xsd:boolean
fdc:FSFULLR	owl:deprecated	true	xsd:boolean
fdc:FSFUL	owl:deprecated	true	xsd:boolean
fdc:FSFAP	owl:deprecated	true	xsd:boolean
fdc:FreeImage	owl:deprecated	true	xsd:boolean
fdc:Frameworx1.0	owl:deprecated	true	xsd:boolean
fdc:Fair	owl:deprecated	true	xsd:boolean
fdc:Eurosym	owl:deprecated	true	xsd:boolean
fdc:EUPL1.2	owl:deprecated	true	xsd:boolean
fdc:EUPL1.1	owl:deprecated	true	xsd:boolean
fdc:EUPL1.0	owl:deprecated	true	xsd:boolean
fdc:EUDatagrid	owl:deprecated	true	xsd:boolean
fdc:etalab2.0	owl:deprecated	true	xsd:boolean
fdc:ErlPL1.1	owl:deprecated	true	xsd:boolean
fdc:EPL2.0	owl:deprecated	true	xsd:boolean
fdc:EPL1.0	owl:deprecated	true	xsd:boolean
fdc:EPICS	owl:deprecated	true	xsd:boolean
fdc:Entessa	owl:deprecated	true	xsd:boolean
fdc:eGenix	owl:deprecated	true	xsd:boolean
fdc:EFL2.0	owl:deprecated	true	xsd:boolean
fdc:EFL1.0	owl:deprecated	true	xsd:boolean
fdc:ECL2.0	owl:deprecated	true	xsd:boolean
fdc:ECL1.0	owl:deprecated	true	xsd:boolean
fdc:dvipdfm	owl:deprecated	true	xsd:boolean
fdc:DSDP	owl:deprecated	true	xsd:boolean
fdc:Dotseqn	owl:deprecated	true	xsd:boolean
fdc:DOC	owl:deprecated	true	xsd:boolean
fdc:diffmark	owl:deprecated	true	xsd:boolean
fdc:DFSL1.0	owl:deprecated	true	xsd:boolean
fdc:curl	owl:deprecated	true	xsd:boolean
fdc:Cube	owl:deprecated	true	xsd:boolean
fdc:JSON	owl:deprecated	true	xsd:boolean
fdc:JPNIC	owl:deprecated	true	xsd:boolean
fdc:JasPer2.0	owl:deprecated	true	xsd:boolean
fdc:ISC	owl:deprecated	true	xsd:boolean
fdc:IPL1.0	owl:deprecated	true	xsd:boolean
fdc:IPA	owl:deprecated	true	xsd:boolean
fdc:Interbase1.0	owl:deprecated	true	xsd:boolean
fdc:IntelACPI	owl:deprecated	true	xsd:boolean
fdc:Intel	owl:deprecated	true	xsd:boolean
fdc:InfoZIP	owl:deprecated	true	xsd:boolean
fdc:Imlib2	owl:deprecated	true	xsd:boolean
fdc:iMatix	owl:deprecated	true	xsd:boolean
fdc:ImageMagick	owl:deprecated	true	xsd:boolean
fdc:IJG	owl:deprecated	true	xsd:boolean
fdc:ICU	owl:deprecated	true	xsd:boolean
fdc:IBMpibs	owl:deprecated	true	xsd:boolean
fdc:HTMLTIDY	owl:deprecated	true	xsd:boolean
fdc:HPNDsellvariant	owl:deprecated	true	xsd:boolean
fdc:HPND	owl:deprecated	true	xsd:boolean
fdc:Hippocratic2.1	owl:deprecated	true	xsd:boolean
fdc:HaskellReport	owl:deprecated	true	xsd:boolean
fdc:gSOAP1.3b	owl:deprecated	true	xsd:boolean
fdc:GPL3.0orlater	owl:deprecated	true	xsd:boolean
fdc:GPL3.0only	owl:deprecated	true	xsd:boolean
fdc:GPL2.0orlater	owl:deprecated	true	xsd:boolean
fdc:GPL2.0only	owl:deprecated	true	xsd:boolean
fdc:GPL1.0orlater	owl:deprecated	true	xsd:boolean
fdc:GPL1.0only	owl:deprecated	true	xsd:boolean
fdc:gnuplot	owl:deprecated	true	xsd:boolean
fdc:GLWTPL	owl:deprecated	true	xsd:boolean
fdc:Glulxe	owl:deprecated	true	xsd:boolean
fdc:Glide	owl:deprecated	true	xsd:boolean
fdc:GL2PS	owl:deprecated	true	xsd:boolean
fdc:Giftware	owl:deprecated	true	xsd:boolean
fdc:GFDL1.3orlater	owl:deprecated	true	xsd:boolean
fdc:GFDL1.3only	owl:deprecated	true	xsd:boolean
fdc:GFDL1.3noinvariantsorlater	owl:deprecated	true	xsd:boolean
fdc:GFDL1.3noinvariantsonly	owl:deprecated	true	xsd:boolean
fdc:GFDL1.3invariantsorlater	owl:deprecated	true	xsd:boolean
fdc:GFDL1.3invariantsonly	owl:deprecated	true	xsd:boolean
fdc:GFDL1.2orlater	owl:deprecated	true	xsd:boolean
fdc:MPL2.0nocopyleftexception	owl:deprecated	true	xsd:boolean
fdc:MPL2.0	owl:deprecated	true	xsd:boolean
fdc:MPL1.1	owl:deprecated	true	xsd:boolean
fdc:MPL1.0	owl:deprecated	true	xsd:boolean
fdc:mpich2	owl:deprecated	true	xsd:boolean
fdc:Motosoto	owl:deprecated	true	xsd:boolean
fdc:MITNFA	owl:deprecated	true	xsd:boolean
fdc:MITopengroup	owl:deprecated	true	xsd:boolean
fdc:MITfeh	owl:deprecated	true	xsd:boolean
fdc:MITenna	owl:deprecated	true	xsd:boolean
fdc:MITCMU	owl:deprecated	true	xsd:boolean
fdc:MITadvertising	owl:deprecated	true	xsd:boolean
fdc:MIT0	owl:deprecated	true	xsd:boolean
fdc:MIT	owl:deprecated	true	xsd:boolean
fdc:MirOS	owl:deprecated	true	xsd:boolean
fdc:MakeIndex	owl:deprecated	true	xsd:boolean
fdc:LPPL1.3c	owl:deprecated	true	xsd:boolean
fdc:LPPL1.3a	owl:deprecated	true	xsd:boolean
fdc:LPPL1.2	owl:deprecated	true	xsd:boolean
fdc:LPPL1.1	owl:deprecated	true	xsd:boolean
fdc:LPPL1.0	owl:deprecated	true	xsd:boolean
fdc:LPL1.02	owl:deprecated	true	xsd:boolean
fdc:LPL1.0	owl:deprecated	true	xsd:boolean
fdc:LinuxOpenIB	owl:deprecated	true	xsd:boolean
fdc:LiLiQRplus1.1	owl:deprecated	true	xsd:boolean
fdc:LiLiQR1.1	owl:deprecated	true	xsd:boolean
fdc:LiLiQP1.1	owl:deprecated	true	xsd:boolean
fdc:libtiff	owl:deprecated	true	xsd:boolean
fdc:libselinux1.0	owl:deprecated	true	xsd:boolean
fdc:libpng2.0	owl:deprecated	true	xsd:boolean
fdc:Libpng	owl:deprecated	true	xsd:boolean
fdc:LGPLLR	owl:deprecated	true	xsd:boolean
fdc:LGPL3.0orlater	owl:deprecated	true	xsd:boolean
fdc:LGPL3.0only	owl:deprecated	true	xsd:boolean
fdc:LGPL2.1orlater	owl:deprecated	true	xsd:boolean
fdc:LGPL2.1only	owl:deprecated	true	xsd:boolean
fdc:LGPL2.0orlater	owl:deprecated	true	xsd:boolean
fdc:LGPL2.0only	owl:deprecated	true	xsd:boolean
fdc:Leptonica	owl:deprecated	true	xsd:boolean
fdc:Latex2e	owl:deprecated	true	xsd:boolean
fdc:LAL1.3	owl:deprecated	true	xsd:boolean
fdc:LAL1.2	owl:deprecated	true	xsd:boolean
fdc:OGLCanada2.0	owl:deprecated	true	xsd:boolean
fdc:OGC1.0	owl:deprecated	true	xsd:boolean
fdc:OFL1.1RFN	owl:deprecated	true	xsd:boolean
fdc:OFL1.1noRFN	owl:deprecated	true	xsd:boolean
fdc:OFL1.1	owl:deprecated	true	xsd:boolean
fdc:OFL1.0RFN	owl:deprecated	true	xsd:boolean
fdc:OFL1.0noRFN	owl:deprecated	true	xsd:boolean
fdc:OFL1.0	owl:deprecated	true	xsd:boolean
fdc:ODCBy1.0	owl:deprecated	true	xsd:boolean
fdc:ODbL1.0	owl:deprecated	true	xsd:boolean
fdc:OCLC2.0	owl:deprecated	true	xsd:boolean
fdc:OCCTPL	owl:deprecated	true	xsd:boolean
fdc:OUDA1.0	owl:deprecated	true	xsd:boolean
fdc:NTP0	owl:deprecated	true	xsd:boolean
fdc:NTP	owl:deprecated	true	xsd:boolean
fdc:NRL	owl:deprecated	true	xsd:boolean
fdc:NPOSL3.0	owl:deprecated	true	xsd:boolean
fdc:NPL1.1	owl:deprecated	true	xsd:boolean
fdc:NPL1.0	owl:deprecated	true	xsd:boolean
fdc:Noweb	owl:deprecated	true	xsd:boolean
fdc:NOSL	owl:deprecated	true	xsd:boolean
fdc:Nokia	owl:deprecated	true	xsd:boolean
fdc:NLPL	owl:deprecated	true	xsd:boolean
fdc:NLOD1.0	owl:deprecated	true	xsd:boolean
fdc:NISTPDfallback	owl:deprecated	true	xsd:boolean
fdc:NISTPD	owl:deprecated	true	xsd:boolean
fdc:NGPL	owl:deprecated	true	xsd:boolean
fdc:Newsletr	owl:deprecated	true	xsd:boolean
fdc:NetCDF	owl:deprecated	true	xsd:boolean
fdc:NetSNMP	owl:deprecated	true	xsd:boolean
fdc:NCSA	owl:deprecated	true	xsd:boolean
fdc:NCGLUK2.0	owl:deprecated	true	xsd:boolean
fdc:NBPL1.0	owl:deprecated	true	xsd:boolean
fdc:Naumen	owl:deprecated	true	xsd:boolean
fdc:NASA1.3	owl:deprecated	true	xsd:boolean
fdc:Mup	owl:deprecated	true	xsd:boolean
fdc:Multics	owl:deprecated	true	xsd:boolean
fdc:MulanPSL2.0	owl:deprecated	true	xsd:boolean
fdc:MulanPSL1.0	owl:deprecated	true	xsd:boolean
fdc:MTLL	owl:deprecated	true	xsd:boolean
fdc:MSRL	owl:deprecated	true	xsd:boolean
fdc:MSPL	owl:deprecated	true	xsd:boolean
fdc:psutils	owl:deprecated	true	xsd:boolean
fdc:psfrag	owl:deprecated	true	xsd:boolean
fdc:PSF2.0	owl:deprecated	true	xsd:boolean
fdc:PostgreSQL	owl:deprecated	true	xsd:boolean
fdc:PolyFormSmallBusiness1.0.0	owl:deprecated	true	xsd:boolean
fdc:PolyFormNoncommercial1.0.0	owl:deprecated	true	xsd:boolean
fdc:Plexus	owl:deprecated	true	xsd:boolean
fdc:PHP3.01	owl:deprecated	true	xsd:boolean
fdc:PHP3.0	owl:deprecated	true	xsd:boolean
fdc:PDDL1.0	owl:deprecated	true	xsd:boolean
fdc:Parity7.0.0	owl:deprecated	true	xsd:boolean
fdc:Parity6.0.0	owl:deprecated	true	xsd:boolean
fdc:OSL3.0	owl:deprecated	true	xsd:boolean
fdc:OSL2.1	owl:deprecated	true	xsd:boolean
fdc:OSL2.0	owl:deprecated	true	xsd:boolean
fdc:OSL1.1	owl:deprecated	true	xsd:boolean
fdc:OSL1.0	owl:deprecated	true	xsd:boolean
fdc:OSETPL2.1	owl:deprecated	true	xsd:boolean
fdc:OPL1.0	owl:deprecated	true	xsd:boolean
fdc:OpenSSL	owl:deprecated	true	xsd:boolean
fdc:OML	owl:deprecated	true	xsd:boolean
fdc:OLDAP2.8	owl:deprecated	true	xsd:boolean
fdc:OLDAP2.7	owl:deprecated	true	xsd:boolean
fdc:OLDAP2.6	owl:deprecated	true	xsd:boolean
fdc:OLDAP2.5	owl:deprecated	true	xsd:boolean
fdc:OLDAP2.4	owl:deprecated	true	xsd:boolean
fdc:OLDAP2.3	owl:deprecated	true	xsd:boolean
fdc:OLDAP2.2.2	owl:deprecated	true	xsd:boolean
fdc:OLDAP2.2.1	owl:deprecated	true	xsd:boolean
fdc:OLDAP2.2	owl:deprecated	true	xsd:boolean
fdc:OLDAP2.1	owl:deprecated	true	xsd:boolean
fdc:OLDAP2.0.1	owl:deprecated	true	xsd:boolean
fdc:OLDAP2.0	owl:deprecated	true	xsd:boolean
fdc:OLDAP1.4	owl:deprecated	true	xsd:boolean
fdc:OLDAP1.3	owl:deprecated	true	xsd:boolean
fdc:OLDAP1.2	owl:deprecated	true	xsd:boolean
fdc:OLDAP1.1	owl:deprecated	true	xsd:boolean
fdc:OGTSL	owl:deprecated	true	xsd:boolean
fdc:OGLUK3.0	owl:deprecated	true	xsd:boolean
fdc:OGLUK2.0	owl:deprecated	true	xsd:boolean
fdc:OGLUK1.0	owl:deprecated	true	xsd:boolean
fdc:TORQUE1.1	owl:deprecated	true	xsd:boolean
fdc:TMate	owl:deprecated	true	xsd:boolean
fdc:TCPwrappers	owl:deprecated	true	xsd:boolean
fdc:TCL	owl:deprecated	true	xsd:boolean
fdc:TAPROHL1.0	owl:deprecated	true	xsd:boolean
fdc:SWL	owl:deprecated	true	xsd:boolean
fdc:SugarCRM1.1.3	owl:deprecated	true	xsd:boolean
fdc:SSPL1.0	owl:deprecated	true	xsd:boolean
fdc:SSHshort	owl:deprecated	true	xsd:boolean
fdc:SSHOpenSSH	owl:deprecated	true	xsd:boolean
fdc:SPL1.0	owl:deprecated	true	xsd:boolean
fdc:Spencer99	owl:deprecated	true	xsd:boolean
fdc:Spencer94	owl:deprecated	true	xsd:boolean
fdc:Spencer86	owl:deprecated	true	xsd:boolean
fdc:SNIA	owl:deprecated	true	xsd:boolean
fdc:SMPPL	owl:deprecated	true	xsd:boolean
fdc:SMLNJ	owl:deprecated	true	xsd:boolean
fdc:Sleepycat	owl:deprecated	true	xsd:boolean
fdc:SISSL1.2	owl:deprecated	true	xsd:boolean
fdc:SISSL	owl:deprecated	true	xsd:boolean
fdc:SimPL2.0	owl:deprecated	true	xsd:boolean
fdc:SHL0.51	owl:deprecated	true	xsd:boolean
fdc:SHL0.5	owl:deprecated	true	xsd:boolean
fdc:SGIB2.0	owl:deprecated	true	xsd:boolean
fdc:SGIB1.1	owl:deprecated	true	xsd:boolean
fdc:SGIB1.0	owl:deprecated	true	xsd:boolean
fdc:Sendmail8.23	owl:deprecated	true	xsd:boolean
fdc:Sendmail	owl:deprecated	true	xsd:boolean
fdc:SCEA	owl:deprecated	true	xsd:boolean
fdc:Saxpath	owl:deprecated	true	xsd:boolean
fdc:SAXPD	owl:deprecated	true	xsd:boolean
fdc:Ruby	owl:deprecated	true	xsd:boolean
fdc:RSCPL	owl:deprecated	true	xsd:boolean
fdc:RSAMD	owl:deprecated	true	xsd:boolean
fdc:RPSL1.0	owl:deprecated	true	xsd:boolean
fdc:RPL1.5	owl:deprecated	true	xsd:boolean
fdc:RPL1.1	owl:deprecated	true	xsd:boolean
fdc:RHeCos1.1	owl:deprecated	true	xsd:boolean
fdc:Rdisc	owl:deprecated	true	xsd:boolean
fdc:QPL1.0	owl:deprecated	true	xsd:boolean
fdc:Qhull	owl:deprecated	true	xsd:boolean
fdc:Python2.0	owl:deprecated	true	xsd:boolean
fdc:MIMEType	owl:deprecated	true	xsd:boolean
fdc:LicenseIdentifierScheme	owl:deprecated	true	xsd:boolean
fdc:ZPL2.1	owl:deprecated	true	xsd:boolean
fdc:ZPL2.0	owl:deprecated	true	xsd:boolean
fdc:ZPL1.1	owl:deprecated	true	xsd:boolean
fdc:zlibacknowledgement	owl:deprecated	true	xsd:boolean
fdc:Zlib	owl:deprecated	true	xsd:boolean
fdc:Zimbra1.4	owl:deprecated	true	xsd:boolean
fdc:Zimbra1.3	owl:deprecated	true	xsd:boolean
fdc:Zend2.0	owl:deprecated	true	xsd:boolean
fdc:Zed	owl:deprecated	true	xsd:boolean
fdc:YPL1.1	owl:deprecated	true	xsd:boolean
fdc:YPL1.0	owl:deprecated	true	xsd:boolean
fdc:XSkat	owl:deprecated	true	xsd:boolean
fdc:xpp	owl:deprecated	true	xsd:boolean
fdc:Xnet	owl:deprecated	true	xsd:boolean
fdc:xinetd	owl:deprecated	true	xsd:boolean
fdc:XFree861.1	owl:deprecated	true	xsd:boolean
fdc:Xerox	owl:deprecated	true	xsd:boolean
fdc:X11	owl:deprecated	true	xsd:boolean
fdc:WTFPL	owl:deprecated	true	xsd:boolean
fdc:Wsuipa	owl:deprecated	true	xsd:boolean
fdc:Watcom1.0	owl:deprecated	true	xsd:boolean
fdc:W3C20150513	owl:deprecated	true	xsd:boolean
fdc:W3C19980720	owl:deprecated	true	xsd:boolean
fdc:W3C	owl:deprecated	true	xsd:boolean
fdc:VSL1.0	owl:deprecated	true	xsd:boolean
fdc:VOSTROM	owl:deprecated	true	xsd:boolean
fdc:Vim	owl:deprecated	true	xsd:boolean
fdc:UPL1.0	owl:deprecated	true	xsd:boolean
fdc:Unlicense	owl:deprecated	true	xsd:boolean
fdc:UnicodeTOU	owl:deprecated	true	xsd:boolean
fdc:UnicodeDFS2016	owl:deprecated	true	xsd:boolean
fdc:UnicodeDFS2015	owl:deprecated	true	xsd:boolean
fdc:UCL1.0	owl:deprecated	true	xsd:boolean
fdc:TUBerlin2.0	owl:deprecated	true	xsd:boolean
fdc:TUBerlin1.0	owl:deprecated	true	xsd:boolean
fdc:TOSL	owl:deprecated	true	xsd:boolean
fdc:application-cdf	owl:deprecated	true	xsd:boolean
fdc:application-book	owl:deprecated	true	xsd:boolean
fdc:application-binhex4	owl:deprecated	true	xsd:boolean
fdc:application-binhex	owl:deprecated	true	xsd:boolean
fdc:application-base64	owl:deprecated	true	xsd:boolean
fdc:application-arj	owl:deprecated	true	xsd:boolean
fdc:application-acad	owl:deprecated	true	xsd:boolean
fdc:application-x-bytecode.python	owl:deprecated	true	xsd:boolean
fdc:application-pkix-crl	owl:deprecated	true	xsd:boolean
fdc:application-pkix-cert	owl:deprecated	true	xsd:boolean
fdc:application-pkcs7-signature	owl:deprecated	true	xsd:boolean
fdc:application-pkcs7-mime	owl:deprecated	true	xsd:boolean
fdc:application-pkcs10	owl:deprecated	true	xsd:boolean
fdc:application-pkcs-crl	owl:deprecated	true	xsd:boolean
fdc:application-pkcs-12	owl:deprecated	true	xsd:boolean
fdc:application-pdf	owl:deprecated	true	xsd:boolean
fdc:application-ogg	owl:deprecated	true	xsd:boolean
fdc:application-oda	owl:deprecated	true	xsd:boolean
fdc:application-octet-stream	owl:deprecated	true	xsd:boolean
fdc:application-netmc	owl:deprecated	true	xsd:boolean
fdc:application-mswrite	owl:deprecated	true	xsd:boolean
fdc:application-msword	owl:deprecated	true	xsd:boolean
fdc:application-mspowerpoint	owl:deprecated	true	xsd:boolean
fdc:application-mime	owl:deprecated	true	xsd:boolean
fdc:application-mcad	owl:deprecated	true	xsd:boolean
fdc:application-mbedlet	owl:deprecated	true	xsd:boolean
fdc:application-marc	owl:deprecated	true	xsd:boolean
fdc:application-macbinary	owl:deprecated	true	xsd:boolean
fdc:application-mac-compactpro	owl:deprecated	true	xsd:boolean
fdc:application-mac-binhex40	owl:deprecated	true	xsd:boolean
fdc:application-mac-binhex	owl:deprecated	true	xsd:boolean
fdc:application-mac-binary	owl:deprecated	true	xsd:boolean
fdc:application-lzx	owl:deprecated	true	xsd:boolean
fdc:application-lha	owl:deprecated	true	xsd:boolean
<http://fairdatacollective.org/gdmt/application-ld+json>	owl:deprecated	true	xsd:boolean
fdc:application-json	owl:deprecated	true	xsd:boolean
fdc:application-javascript	owl:deprecated	true	xsd:boolean
fdc:application-java-byte-code	owl:deprecated	true	xsd:boolean
fdc:application-java-archive	owl:deprecated	true	xsd:boolean
fdc:application-java	owl:deprecated	true	xsd:boolean
fdc:application-inf	owl:deprecated	true	xsd:boolean
fdc:application-iges	owl:deprecated	true	xsd:boolean
fdc:application-i-deas	owl:deprecated	true	xsd:boolean
fdc:application-hta	owl:deprecated	true	xsd:boolean
fdc:application-hlp	owl:deprecated	true	xsd:boolean
fdc:application-groupwise	owl:deprecated	true	xsd:boolean
fdc:application-gnutar	owl:deprecated	true	xsd:boolean
fdc:application-futuresplash	owl:deprecated	true	xsd:boolean
fdc:application-freeloader	owl:deprecated	true	xsd:boolean
fdc:application-fractals	owl:deprecated	true	xsd:boolean
fdc:application-excel	owl:deprecated	true	xsd:boolean
<http://fairdatacollective.org/gdmt/application-epub+zip>	owl:deprecated	true	xsd:boolean
fdc:application-envoy	owl:deprecated	true	xsd:boolean
fdc:application-ecmascript	owl:deprecated	true	xsd:boolean
fdc:application-dxf	owl:deprecated	true	xsd:boolean
fdc:application-dsptype	owl:deprecated	true	xsd:boolean
fdc:application-drafting	owl:deprecated	true	xsd:boolean
fdc:application-commonground	owl:deprecated	true	xsd:boolean
fdc:application-clariscad	owl:deprecated	true	xsd:boolean
fdc:application-wordperfect6.0	owl:deprecated	true	xsd:boolean
fdc:application-wordperfect	owl:deprecated	true	xsd:boolean
fdc:application-vocaltec-media-file	owl:deprecated	true	xsd:boolean
fdc:application-vocaltec-media-desc	owl:deprecated	true	xsd:boolean
fdc:application-vnd.xara	owl:deprecated	true	xsd:boolean
fdc:application-vnd.wap.wmlscriptc	owl:deprecated	true	xsd:boolean
fdc:application-vnd.wap.wmlc	owl:deprecated	true	xsd:boolean
fdc:application-vnd.visio	owl:deprecated	true	xsd:boolean
fdc:application-vnd.rn-realplayer	owl:deprecated	true	xsd:boolean
fdc:application-vnd.rn-realmedia	owl:deprecated	true	xsd:boolean
fdc:application-vnd.openxmlformats-officedocument.wordprocessingml.document	owl:deprecated	true	xsd:boolean
fdc:application-vnd.openxmlformats-officedocument.spreadsheetml.sheet	owl:deprecated	true	xsd:boolean
fdc:application-vnd.openxmlformats-officedocument.presentationml.presentation	owl:deprecated	true	xsd:boolean
fdc:application-vnd.oasis.opendocument.text	owl:deprecated	true	xsd:boolean
fdc:application-vnd.oasis.opendocument.spreadsheet	owl:deprecated	true	xsd:boolean
fdc:application-vnd.oasis.opendocument.presentation	owl:deprecated	true	xsd:boolean
fdc:application-vnd.nokia.ringing-tone	owl:deprecated	true	xsd:boolean
fdc:application-vnd.nokia.configuration-message	owl:deprecated	true	xsd:boolean
fdc:application-vnd.ms-project	owl:deprecated	true	xsd:boolean
fdc:application-vnd.ms-powerpoint	owl:deprecated	true	xsd:boolean
fdc:application-vnd.ms-pki.stl	owl:deprecated	true	xsd:boolean
fdc:application-vnd.ms-pki.seccat	owl:deprecated	true	xsd:boolean
fdc:application-vnd.ms-pki.pko	owl:deprecated	true	xsd:boolean
fdc:application-vnd.ms-pki.certstore	owl:deprecated	true	xsd:boolean
fdc:application-vnd.ms-fontobject	owl:deprecated	true	xsd:boolean
fdc:application-vnd.ms-excel	owl:deprecated	true	xsd:boolean
<http://fairdatacollective.org/gdmt/application-vnd.mozilla.xul+xml>	owl:deprecated	true	xsd:boolean
fdc:application-vnd.hp-pcl	owl:deprecated	true	xsd:boolean
fdc:application-vnd.hp-hpgl	owl:deprecated	true	xsd:boolean
fdc:application-vnd.fdf	owl:deprecated	true	xsd:boolean
<http://fairdatacollective.org/gdmt/application-vnd.apple.installer+xml>	owl:deprecated	true	xsd:boolean
fdc:application-vnd.android.package-archive	owl:deprecated	true	xsd:boolean
fdc:application-vnd.amazon.ebook	owl:deprecated	true	xsd:boolean
fdc:application-vda	owl:deprecated	true	xsd:boolean
fdc:application-toolbook	owl:deprecated	true	xsd:boolean
fdc:application-streamingmedia	owl:deprecated	true	xsd:boolean
fdc:application-step	owl:deprecated	true	xsd:boolean
fdc:application-sounder	owl:deprecated	true	xsd:boolean
fdc:application-solids	owl:deprecated	true	xsd:boolean
fdc:application-smil	owl:deprecated	true	xsd:boolean
fdc:application-sla	owl:deprecated	true	xsd:boolean
fdc:application-set	owl:deprecated	true	xsd:boolean
fdc:application-sea	owl:deprecated	true	xsd:boolean
fdc:application-sdp	owl:deprecated	true	xsd:boolean
fdc:application-rtf	owl:deprecated	true	xsd:boolean
fdc:application-ringing-tones	owl:deprecated	true	xsd:boolean
fdc:application-pro_eng	owl:deprecated	true	xsd:boolean
fdc:application-powerpoint	owl:deprecated	true	xsd:boolean
fdc:application-postscript	owl:deprecated	true	xsd:boolean
fdc:application-plain	owl:deprecated	true	xsd:boolean
fdc:application-x-java-class	owl:deprecated	true	xsd:boolean
fdc:application-x-ip2	owl:deprecated	true	xsd:boolean
fdc:application-x-inventor	owl:deprecated	true	xsd:boolean
fdc:application-x-internett-signup	owl:deprecated	true	xsd:boolean
fdc:application-x-ima	owl:deprecated	true	xsd:boolean
fdc:application-x-httpd-imap	owl:deprecated	true	xsd:boolean
fdc:application-x-helpfile	owl:deprecated	true	xsd:boolean
fdc:application-x-hdf	owl:deprecated	true	xsd:boolean
fdc:application-x-gzip	owl:deprecated	true	xsd:boolean
fdc:application-x-gtar	owl:deprecated	true	xsd:boolean
fdc:application-x-gss	owl:deprecated	true	xsd:boolean
fdc:application-x-gsp	owl:deprecated	true	xsd:boolean
fdc:application-x-freelance	owl:deprecated	true	xsd:boolean
fdc:application-x-freearc	owl:deprecated	true	xsd:boolean
fdc:application-x-frame	owl:deprecated	true	xsd:boolean
fdc:application-x-fictionbook	owl:deprecated	true	xsd:boolean
fdc:application-x-excel	owl:deprecated	true	xsd:boolean
fdc:application-x-esrehber	owl:deprecated	true	xsd:boolean
fdc:application-x-envoy	owl:deprecated	true	xsd:boolean
fdc:application-x-elc	owl:deprecated	true	xsd:boolean
fdc:application-x-dvi	owl:deprecated	true	xsd:boolean
fdc:application-x-director	owl:deprecated	true	xsd:boolean
fdc:application-x-deepv	owl:deprecated	true	xsd:boolean
fdc:application-x-csh	owl:deprecated	true	xsd:boolean
fdc:application-x-cpt	owl:deprecated	true	xsd:boolean
fdc:application-x-cpio	owl:deprecated	true	xsd:boolean
fdc:application-x-conference	owl:deprecated	true	xsd:boolean
fdc:application-x-compressed	owl:deprecated	true	xsd:boolean
fdc:application-x-compress	owl:deprecated	true	xsd:boolean
fdc:application-x-compactpro	owl:deprecated	true	xsd:boolean
fdc:application-x-cocoa	owl:deprecated	true	xsd:boolean
fdc:application-x-cmu-raster	owl:deprecated	true	xsd:boolean
fdc:application-x-chat	owl:deprecated	true	xsd:boolean
fdc:application-x-cdlink	owl:deprecated	true	xsd:boolean
fdc:application-x-cdf	owl:deprecated	true	xsd:boolean
fdc:application-x-bzip2	owl:deprecated	true	xsd:boolean
fdc:application-x-bzip	owl:deprecated	true	xsd:boolean
fdc:application-x-bsh	owl:deprecated	true	xsd:boolean
fdc:application-x-binhex40	owl:deprecated	true	xsd:boolean
fdc:application-x-binary	owl:deprecated	true	xsd:boolean
fdc:application-x-bcpio	owl:deprecated	true	xsd:boolean
fdc:application-x-authorware-seg	owl:deprecated	true	xsd:boolean
fdc:application-x-authorware-map	owl:deprecated	true	xsd:boolean
fdc:application-x-authorware-bin	owl:deprecated	true	xsd:boolean
fdc:application-x-aim	owl:deprecated	true	xsd:boolean
fdc:application-x-abiword	owl:deprecated	true	xsd:boolean
fdc:application-x-7z-compressed	owl:deprecated	true	xsd:boolean
fdc:application-x-123	owl:deprecated	true	xsd:boolean
fdc:application-wordperfect6.1	owl:deprecated	true	xsd:boolean
fdc:application-x-sea	owl:deprecated	true	xsd:boolean
fdc:application-x-sdp	owl:deprecated	true	xsd:boolean
fdc:application-x-rtf	owl:deprecated	true	xsd:boolean
fdc:application-x-rar-compressed	owl:deprecated	true	xsd:boolean
fdc:application-x-qpro	owl:deprecated	true	xsd:boolean
fdc:application-x-project	owl:deprecated	true	xsd:boolean
fdc:application-x-portable-anymap	owl:deprecated	true	xsd:boolean
fdc:application-x-pointplus	owl:deprecated	true	xsd:boolean
fdc:application-x-pkcs7-signature	owl:deprecated	true	xsd:boolean
fdc:application-x-pkcs7-mime	owl:deprecated	true	xsd:boolean
fdc:application-x-pkcs7-certreqresp	owl:deprecated	true	xsd:boolean
fdc:application-x-pkcs7-certificates	owl:deprecated	true	xsd:boolean
fdc:application-x-pkcs12	owl:deprecated	true	xsd:boolean
fdc:application-x-pkcs10	owl:deprecated	true	xsd:boolean
fdc:application-x-pixclscript	owl:deprecated	true	xsd:boolean
fdc:application-x-pcl	owl:deprecated	true	xsd:boolean
fdc:application-x-pagemaker	owl:deprecated	true	xsd:boolean
fdc:application-x-omcregerator	owl:deprecated	true	xsd:boolean
fdc:application-x-omcdatamaker	owl:deprecated	true	xsd:boolean
fdc:application-x-omc	owl:deprecated	true	xsd:boolean
fdc:application-x-nokia-9000-communicator-add-on-software	owl:deprecated	true	xsd:boolean
fdc:application-x-newton-compatible-pkg	owl:deprecated	true	xsd:boolean
fdc:application-x-netcdf	owl:deprecated	true	xsd:boolean
fdc:application-x-navistyle	owl:deprecated	true	xsd:boolean
fdc:application-x-navimap	owl:deprecated	true	xsd:boolean
fdc:application-x-navidoc	owl:deprecated	true	xsd:boolean
fdc:application-x-navi-animation	owl:deprecated	true	xsd:boolean
fdc:application-x-mspowerpoint	owl:deprecated	true	xsd:boolean
fdc:application-x-msexcel	owl:deprecated	true	xsd:boolean
fdc:application-x-mplayer2	owl:deprecated	true	xsd:boolean
fdc:application-x-mix-transfer	owl:deprecated	true	xsd:boolean
fdc:application-x-mif	owl:deprecated	true	xsd:boolean
fdc:application-x-midi	owl:deprecated	true	xsd:boolean
fdc:application-x-meme	owl:deprecated	true	xsd:boolean
fdc:application-x-mathcad	owl:deprecated	true	xsd:boolean
fdc:application-x-magic-cap-package-1.0	owl:deprecated	true	xsd:boolean
fdc:application-x-macbinary	owl:deprecated	true	xsd:boolean
fdc:application-x-mac-binhex40	owl:deprecated	true	xsd:boolean
fdc:application-x-lzx	owl:deprecated	true	xsd:boolean
fdc:application-x-lzh	owl:deprecated	true	xsd:boolean
fdc:application-x-lotusscreencam	owl:deprecated	true	xsd:boolean
fdc:application-x-lotus	owl:deprecated	true	xsd:boolean
fdc:application-x-livescreen	owl:deprecated	true	xsd:boolean
fdc:application-x-lisp	owl:deprecated	true	xsd:boolean
fdc:application-x-lha	owl:deprecated	true	xsd:boolean
fdc:application-x-latex	owl:deprecated	true	xsd:boolean
fdc:application-x-ksh	owl:deprecated	true	xsd:boolean
fdc:application-x-koan	owl:deprecated	true	xsd:boolean
fdc:application-x-javascript	owl:deprecated	true	xsd:boolean
fdc:application-x-java-commerce	owl:deprecated	true	xsd:boolean
fdc:audio-tsplayer	owl:deprecated	true	xsd:boolean
fdc:audio-tsp-audio	owl:deprecated	true	xsd:boolean
fdc:audio-s3m	owl:deprecated	true	xsd:boolean
fdc:audio-ogg	owl:deprecated	true	xsd:boolean
fdc:audio-nspaudio	owl:deprecated	true	xsd:boolean
fdc:audio-mpeg	owl:deprecated	true	xsd:boolean
fdc:audio-mp3	owl:deprecated	true	xsd:boolean
fdc:audio-mod	owl:deprecated	true	xsd:boolean
fdc:audio-midi	owl:deprecated	true	xsd:boolean
fdc:audio-mid	owl:deprecated	true	xsd:boolean
fdc:audio-make.my.funk	owl:deprecated	true	xsd:boolean
fdc:audio-make	owl:deprecated	true	xsd:boolean
fdc:audio-it	owl:deprecated	true	xsd:boolean
fdc:audio-basic	owl:deprecated	true	xsd:boolean
fdc:audio-aiff	owl:deprecated	true	xsd:boolean
fdc:audio-aac	owl:deprecated	true	xsd:boolean
fdc:application-zip	owl:deprecated	true	xsd:boolean
fdc:application-xml	owl:deprecated	true	xsd:boolean
<http://fairdatacollective.org/gdmt/application-xhtml+xml>	owl:deprecated	true	xsd:boolean
fdc:application-x-x509-user-cert	owl:deprecated	true	xsd:boolean
fdc:application-x-x509-ca-cert	owl:deprecated	true	xsd:boolean
fdc:application-x-wri	owl:deprecated	true	xsd:boolean
fdc:application-x-wpwin	owl:deprecated	true	xsd:boolean
fdc:application-x-world	owl:deprecated	true	xsd:boolean
fdc:application-x-wintalk	owl:deprecated	true	xsd:boolean
fdc:application-x-winhelp	owl:deprecated	true	xsd:boolean
fdc:application-x-wais-source	owl:deprecated	true	xsd:boolean
fdc:application-x-vrml	owl:deprecated	true	xsd:boolean
fdc:application-x-vnd.ls-xpix	owl:deprecated	true	xsd:boolean
fdc:application-x-vnd.audioexplosion.mzz	owl:deprecated	true	xsd:boolean
fdc:application-x-visio	owl:deprecated	true	xsd:boolean
fdc:application-x-ustar	owl:deprecated	true	xsd:boolean
fdc:application-x-troff-msvideo	owl:deprecated	true	xsd:boolean
fdc:application-x-troff-ms	owl:deprecated	true	xsd:boolean
fdc:application-x-troff-me	owl:deprecated	true	xsd:boolean
fdc:application-x-troff-man	owl:deprecated	true	xsd:boolean
fdc:application-x-troff	owl:deprecated	true	xsd:boolean
fdc:application-x-texinfo	owl:deprecated	true	xsd:boolean
fdc:application-x-tex	owl:deprecated	true	xsd:boolean
fdc:application-x-tcl	owl:deprecated	true	xsd:boolean
fdc:application-x-tbook	owl:deprecated	true	xsd:boolean
fdc:application-x-tar	owl:deprecated	true	xsd:boolean
fdc:application-x-sv4crc	owl:deprecated	true	xsd:boolean
fdc:application-x-sv4cpio	owl:deprecated	true	xsd:boolean
fdc:application-x-stuffit	owl:deprecated	true	xsd:boolean
fdc:application-x-sprite	owl:deprecated	true	xsd:boolean
fdc:application-x-sit	owl:deprecated	true	xsd:boolean
fdc:application-x-shockwave-flash	owl:deprecated	true	xsd:boolean
fdc:application-x-shar	owl:deprecated	true	xsd:boolean
fdc:application-x-sh	owl:deprecated	true	xsd:boolean
fdc:application-x-seelogo	owl:deprecated	true	xsd:boolean
fdc:image-vasa	owl:deprecated	true	xsd:boolean
fdc:image-tiff	owl:deprecated	true	xsd:boolean
<http://fairdatacollective.org/gdmt/image-svg+xml>	owl:deprecated	true	xsd:boolean
fdc:image-png	owl:deprecated	true	xsd:boolean
fdc:image-pjpeg	owl:deprecated	true	xsd:boolean
fdc:image-pict	owl:deprecated	true	xsd:boolean
fdc:image-naplps	owl:deprecated	true	xsd:boolean
fdc:image-jutvision	owl:deprecated	true	xsd:boolean
fdc:image-jpeg	owl:deprecated	true	xsd:boolean
fdc:image-ief	owl:deprecated	true	xsd:boolean
fdc:image-gif	owl:deprecated	true	xsd:boolean
fdc:image-g3fax	owl:deprecated	true	xsd:boolean
fdc:image-florian	owl:deprecated	true	xsd:boolean
fdc:image-fif	owl:deprecated	true	xsd:boolean
fdc:image-cmu-raster	owl:deprecated	true	xsd:boolean
fdc:image-bmp	owl:deprecated	true	xsd:boolean
fdc:i-world-i-vrml	owl:deprecated	true	xsd:boolean
fdc:font-woff2	owl:deprecated	true	xsd:boolean
fdc:font-woff	owl:deprecated	true	xsd:boolean
fdc:font-ttf	owl:deprecated	true	xsd:boolean
fdc:font-otf	owl:deprecated	true	xsd:boolean
<http://fairdatacollective.org/gdmt/drawing-x-dwf(old)>	owl:deprecated	true	xsd:boolean
fdc:chemical-x-pdb	owl:deprecated	true	xsd:boolean
fdc:audio-xm	owl:deprecated	true	xsd:boolean
fdc:audio-x-wav	owl:deprecated	true	xsd:boolean
fdc:audio-x-voc	owl:deprecated	true	xsd:boolean
fdc:audio-x-vnd.audioexplosion.mjuicemediafile	owl:deprecated	true	xsd:boolean
fdc:audio-x-twinvq-plugin	owl:deprecated	true	xsd:boolean
fdc:audio-x-twinvq	owl:deprecated	true	xsd:boolean
fdc:audio-x-realaudio	owl:deprecated	true	xsd:boolean
fdc:audio-x-psid	owl:deprecated	true	xsd:boolean
fdc:audio-x-pn-realaudio-plugin	owl:deprecated	true	xsd:boolean
fdc:audio-x-pn-realaudio	owl:deprecated	true	xsd:boolean
fdc:audio-x-nspaudio	owl:deprecated	true	xsd:boolean
fdc:audio-x-mpequrl	owl:deprecated	true	xsd:boolean
fdc:audio-x-mpeg	owl:deprecated	true	xsd:boolean
fdc:audio-x-mod	owl:deprecated	true	xsd:boolean
fdc:audio-x-midi	owl:deprecated	true	xsd:boolean
fdc:audio-x-mid	owl:deprecated	true	xsd:boolean
fdc:audio-x-liveaudio	owl:deprecated	true	xsd:boolean
fdc:audio-x-jam	owl:deprecated	true	xsd:boolean
fdc:audio-x-gsm	owl:deprecated	true	xsd:boolean
fdc:audio-x-au	owl:deprecated	true	xsd:boolean
fdc:audio-x-aiff	owl:deprecated	true	xsd:boolean
fdc:audio-x-adpcm	owl:deprecated	true	xsd:boolean
fdc:audio-webm	owl:deprecated	true	xsd:boolean
fdc:audio-wav	owl:deprecated	true	xsd:boolean
fdc:audio-voxware	owl:deprecated	true	xsd:boolean
fdc:audio-voc	owl:deprecated	true	xsd:boolean
fdc:audio-vnd.qcelp	owl:deprecated	true	xsd:boolean
fdc:xgl-movie	owl:deprecated	true	xsd:boolean
fdc:xgl-drawing	owl:deprecated	true	xsd:boolean
fdc:x-world-x-vrt	owl:deprecated	true	xsd:boolean
fdc:x-world-x-vrml	owl:deprecated	true	xsd:boolean
fdc:x-world-x-svr	owl:deprecated	true	xsd:boolean
fdc:x-world-x-3dmf	owl:deprecated	true	xsd:boolean
fdc:x-music-x-midi	owl:deprecated	true	xsd:boolean
fdc:x-conference-x-cooltalk	owl:deprecated	true	xsd:boolean
fdc:www-mime	owl:deprecated	true	xsd:boolean
fdc:windows-metafile	owl:deprecated	true	xsd:boolean
fdc:video-x-sgi-movie	owl:deprecated	true	xsd:boolean
fdc:video-x-scm	owl:deprecated	true	xsd:boolean
fdc:video-x-qtc	owl:deprecated	true	xsd:boolean
fdc:video-x-msvideo	owl:deprecated	true	xsd:boolean
fdc:video-x-ms-asf-plugin	owl:deprecated	true	xsd:boolean
fdc:video-x-ms-asf	owl:deprecated	true	xsd:boolean
fdc:video-x-mpeq2a	owl:deprecated	true	xsd:boolean
fdc:video-x-mpeg	owl:deprecated	true	xsd:boolean
fdc:video-x-motion-jpeg	owl:deprecated	true	xsd:boolean
fdc:video-x-isvideo	owl:deprecated	true	xsd:boolean
fdc:video-x-gl	owl:deprecated	true	xsd:boolean
fdc:video-x-fli	owl:deprecated	true	xsd:boolean
fdc:video-x-dv	owl:deprecated	true	xsd:boolean
fdc:video-x-dl	owl:deprecated	true	xsd:boolean
fdc:video-x-atomic3d-feature	owl:deprecated	true	xsd:boolean
fdc:video-x-amt-showrun	owl:deprecated	true	xsd:boolean
fdc:video-x-amt-demorun	owl:deprecated	true	xsd:boolean
fdc:video-webm	owl:deprecated	true	xsd:boolean
fdc:video-vosaic	owl:deprecated	true	xsd:boolean
fdc:video-vnd.vivo	owl:deprecated	true	xsd:boolean
fdc:video-vnd.rn-realvideo	owl:deprecated	true	xsd:boolean
fdc:video-vivo	owl:deprecated	true	xsd:boolean
fdc:video-vdo	owl:deprecated	true	xsd:boolean
fdc:video-quicktime	owl:deprecated	true	xsd:boolean
fdc:video-ogg	owl:deprecated	true	xsd:boolean
fdc:video-msvideo	owl:deprecated	true	xsd:boolean
fdc:video-mpeg	owl:deprecated	true	xsd:boolean
fdc:video-mp4	owl:deprecated	true	xsd:boolean
fdc:video-mp2t	owl:deprecated	true	xsd:boolean
fdc:video-gl	owl:deprecated	true	xsd:boolean
fdc:video-fli	owl:deprecated	true	xsd:boolean
fdc:video-dl	owl:deprecated	true	xsd:boolean
fdc:video-avs-video	owl:deprecated	true	xsd:boolean
fdc:video-avi	owl:deprecated	true	xsd:boolean
fdc:video-animaflex	owl:deprecated	true	xsd:boolean
fdc:video-3gpp2	owl:deprecated	true	xsd:boolean
fdc:video-3gpp	owl:deprecated	true	xsd:boolean
fdc:text-xml	owl:deprecated	true	xsd:boolean
fdc:text-x-vcalendar	owl:deprecated	true	xsd:boolean
fdc:text-x-uuencode	owl:deprecated	true	xsd:boolean
fdc:text-x-uil	owl:deprecated	true	xsd:boolean
fdc:text-x-speech	owl:deprecated	true	xsd:boolean
fdc:text-x-sgml	owl:deprecated	true	xsd:boolean
fdc:text-x-setext	owl:deprecated	true	xsd:boolean
fdc:text-x-server-parsed-html	owl:deprecated	true	xsd:boolean
fdc:text-x-script.zsh	owl:deprecated	true	xsd:boolean
fdc:text-x-script.tcsh	owl:deprecated	true	xsd:boolean
fdc:text-x-script.tcl	owl:deprecated	true	xsd:boolean
fdc:text-x-script.sh	owl:deprecated	true	xsd:boolean
fdc:text-x-script.scheme	owl:deprecated	true	xsd:boolean
fdc:text-x-script.rexx	owl:deprecated	true	xsd:boolean
fdc:text-x-script.phyton	owl:deprecated	true	xsd:boolean
fdc:text-x-script.perl-module	owl:deprecated	true	xsd:boolean
fdc:text-x-script.perl	owl:deprecated	true	xsd:boolean
fdc:text-x-script.lisp	owl:deprecated	true	xsd:boolean
fdc:text-x-script.ksh	owl:deprecated	true	xsd:boolean
fdc:text-x-script.guile	owl:deprecated	true	xsd:boolean
fdc:text-x-script.elisp	owl:deprecated	true	xsd:boolean
fdc:text-x-script.csh	owl:deprecated	true	xsd:boolean
fdc:text-x-script	owl:deprecated	true	xsd:boolean
fdc:text-x-pascal	owl:deprecated	true	xsd:boolean
fdc:text-x-m	owl:deprecated	true	xsd:boolean
fdc:text-x-la-asf	owl:deprecated	true	xsd:boolean
fdc:text-x-java-source	owl:deprecated	true	xsd:boolean
fdc:text-x-h	owl:deprecated	true	xsd:boolean
fdc:text-x-fortran	owl:deprecated	true	xsd:boolean
fdc:text-x-component	owl:deprecated	true	xsd:boolean
fdc:text-x-c	owl:deprecated	true	xsd:boolean
fdc:text-x-audiosoft-intra	owl:deprecated	true	xsd:boolean
fdc:text-x-asm	owl:deprecated	true	xsd:boolean
fdc:text-webviewhtml	owl:deprecated	true	xsd:boolean
fdc:text-vnd.wap.wmlscript	owl:deprecated	true	xsd:boolean
fdc:text-vnd.wap.wml	owl:deprecated	true	xsd:boolean
fdc:text-vnd.rn-realtext	owl:deprecated	true	xsd:boolean
fdc:text-vnd.fmi.flexstor	owl:deprecated	true	xsd:boolean
fdc:text-vnd.abc	owl:deprecated	true	xsd:boolean
fdc:text-uri-list	owl:deprecated	true	xsd:boolean
fdc:text-tab-separated-values	owl:deprecated	true	xsd:boolean
fdc:text-sgml	owl:deprecated	true	xsd:boolean
fdc:text-scriplet	owl:deprecated	true	xsd:boolean
fdc:text-richtext	owl:deprecated	true	xsd:boolean
fdc:text-plain	owl:deprecated	true	xsd:boolean
fdc:text-pascal	owl:deprecated	true	xsd:boolean
fdc:text-mcf	owl:deprecated	true	xsd:boolean
fdc:text-javascript	owl:deprecated	true	xsd:boolean
fdc:text-html	owl:deprecated	true	xsd:boolean
fdc:text-fb2	owl:deprecated	true	xsd:boolean
fdc:text-ecmascript	owl:deprecated	true	xsd:boolean
fdc:text-csv	owl:deprecated	true	xsd:boolean
fdc:text-css	owl:deprecated	true	xsd:boolean
fdc:text-calendar	owl:deprecated	true	xsd:boolean
fdc:text-asp	owl:deprecated	true	xsd:boolean
fdc:paleovu-x-pv	owl:deprecated	true	xsd:boolean
fdc:music-x-karaoke	owl:deprecated	true	xsd:boolean
fdc:music-crescendo	owl:deprecated	true	xsd:boolean
fdc:multipart-x-ustar	owl:deprecated	true	xsd:boolean
fdc:multipart-x-gzip	owl:deprecated	true	xsd:boolean
fdc:model-x-pov	owl:deprecated	true	xsd:boolean
fdc:model-vrml	owl:deprecated	true	xsd:boolean
fdc:model-vnd.dwf	owl:deprecated	true	xsd:boolean
fdc:model-iges	owl:deprecated	true	xsd:boolean
fdc:message-rfc822	owl:deprecated	true	xsd:boolean
fdc:image-xpm	owl:deprecated	true	xsd:boolean
fdc:image-xbm	owl:deprecated	true	xsd:boolean
fdc:image-x-xwindowdump	owl:deprecated	true	xsd:boolean
fdc:image-x-xwd	owl:deprecated	true	xsd:boolean
fdc:image-x-xpixmap	owl:deprecated	true	xsd:boolean
fdc:image-x-xbm	owl:deprecated	true	xsd:boolean
fdc:image-x-xbitmap	owl:deprecated	true	xsd:boolean
fdc:image-x-windows-bmp	owl:deprecated	true	xsd:boolean
fdc:image-x-tiff	owl:deprecated	true	xsd:boolean
fdc:image-x-rgb	owl:deprecated	true	xsd:boolean
fdc:image-x-quicktime	owl:deprecated	true	xsd:boolean
fdc:image-x-portable-pixmap	owl:deprecated	true	xsd:boolean
fdc:image-x-portable-greymap	owl:deprecated	true	xsd:boolean
fdc:image-x-portable-graymap	owl:deprecated	true	xsd:boolean
fdc:image-x-portable-bitmap	owl:deprecated	true	xsd:boolean
fdc:image-x-portable-anymap	owl:deprecated	true	xsd:boolean
fdc:image-x-pict	owl:deprecated	true	xsd:boolean
fdc:image-x-pcx	owl:deprecated	true	xsd:boolean
fdc:image-x-niff	owl:deprecated	true	xsd:boolean
fdc:image-x-jps	owl:deprecated	true	xsd:boolean
fdc:image-x-jg	owl:deprecated	true	xsd:boolean
fdc:image-x-icon	owl:deprecated	true	xsd:boolean
fdc:image-x-dwg	owl:deprecated	true	xsd:boolean
fdc:image-x-cmu-raster	owl:deprecated	true	xsd:boolean
fdc:image-webp	owl:deprecated	true	xsd:boolean
fdc:image-vnd.xiff	owl:deprecated	true	xsd:boolean
fdc:image-vnd.wap.wbmp	owl:deprecated	true	xsd:boolean
fdc:image-vnd.rn-realpix	owl:deprecated	true	xsd:boolean
fdc:image-vnd.rn-realflash	owl:deprecated	true	xsd:boolean
fdc:image-vnd.net-fpx	owl:deprecated	true	xsd:boolean
fdc:image-vnd.microsoft.icon	owl:deprecated	true	xsd:boolean
fdc:image-vnd.fpx	owl:deprecated	true	xsd:boolean
fdc:image-vnd.dwg	owl:deprecated	true	xsd:boolean
fdc:image-vnd.djvu	owl:deprecated	true	xsd:boolean
