fdc:RelatedPerson	rdfs:seeAlso	scheme:RelatedPerson	_IRI
fdc:RegistrationAuthority	rdfs:seeAlso	scheme:RegistrationAuthority	_IRI
fdc:RegistrationAgency	rdfs:seeAlso	scheme:RegistrationAgency	_IRI
fdc:ProjectMember	rdfs:seeAlso	scheme:ProjectMember	_IRI
fdc:ProjectManager	rdfs:seeAlso	scheme:ProjectManager	_IRI
fdc:ProjectLeader	rdfs:seeAlso	scheme:ProjectLeader	_IRI
fdc:Producer	rdfs:seeAlso	scheme:Producer	_IRI
fdc:HostingInstitution	rdfs:seeAlso	scheme:HostingInstitution	_IRI
fdc:Editor	rdfs:seeAlso	scheme:Editor	_IRI
fdc:Distributor	rdfs:seeAlso	scheme:Distributor	_IRI
fdc:DataManager	rdfs:seeAlso	scheme:DataManager	_IRI
fdc:DataCurator	rdfs:seeAlso	scheme:DataCurator	_IRI
fdc:DataCollector	rdfs:seeAlso	scheme:DataCollector	_IRI
fdc:ContactPerson	rdfs:seeAlso	scheme:ContactPerson	_IRI
fdc:ContributorRole	rdfs:seeAlso	scheme:ContributorRole	_IRI
fdc:OtherResource	rdfs:seeAlso	scheme:OtherResource	_IRI
fdc:Workflow	rdfs:seeAlso	scheme:Workflow	_IRI
fdc:Text	rdfs:seeAlso	scheme:Text	_IRI
fdc:Sound	rdfs:seeAlso	scheme:Sound	_IRI
fdc:Software	rdfs:seeAlso	scheme:Software	_IRI
fdc:Service	rdfs:seeAlso	scheme:Service	_IRI
fdc:PhysicalObject	rdfs:seeAlso	scheme:PhysicalObject	_IRI
fdc:Model	rdfs:seeAlso	scheme:Model	_IRI
fdc:InteractiveResource	rdfs:seeAlso	scheme:InteractiveResource	_IRI
fdc:Image	rdfs:seeAlso	scheme:Image	_IRI
fdc:Event	rdfs:seeAlso	scheme:Event	_IRI
fdc:DataStream	rdfs:seeAlso	scheme:DataStream	_IRI
fdc:Dataset	rdfs:seeAlso	scheme:Dataset	_IRI
fdc:DataCatalog	rdfs:seeAlso	scheme:DataCatalog	_IRI
fdc:DataPaper	rdfs:seeAlso	scheme:DataPaper	_IRI
fdc:Collection	rdfs:seeAlso	scheme:Collection	_IRI
fdc:Audiovisual	rdfs:seeAlso	scheme:Audiovisual	_IRI
fdc:ResourceTypeCategory	rdfs:seeAlso	scheme:ResourceTypeCategory	_IRI
fdc:IRI	rdfs:seeAlso	scheme:IRI	_IRI
fdc:w3id	rdfs:seeAlso	scheme:w3id	_IRI
fdc:URN	rdfs:seeAlso	scheme:URN	_IRI
fdc:URL	rdfs:seeAlso	scheme:URL	_IRI
fdc:URI	rdfs:seeAlso	scheme:URI	_IRI
fdc:UPC	rdfs:seeAlso	scheme:UPC	_IRI
fdc:PURL	rdfs:seeAlso	scheme:PURL	_IRI
fdc:PMID	rdfs:seeAlso	scheme:PMID	_IRI
fdc:LSID	rdfs:seeAlso	scheme:LSID	_IRI
fdc:LISSN	rdfs:seeAlso	scheme:LISSN	_IRI
fdc:ISTC	rdfs:seeAlso	scheme:ISTC	_IRI
fdc:ISSN	rdfs:seeAlso	scheme:ISSN	_IRI
fdc:ISBN	rdfs:seeAlso	scheme:ISBN	_IRI
fdc:IGSN	rdfs:seeAlso	scheme:IGSN	_IRI
fdc:Handle	rdfs:seeAlso	scheme:Handle	_IRI
fdc:EISSN	rdfs:seeAlso	scheme:EISSN	_IRI
fdc:EAN13	rdfs:seeAlso	scheme:EAN13	_IRI
fdc:DOI	rdfs:seeAlso	scheme:DOI	_IRI
fdc:bibcode	rdfs:seeAlso	scheme:bibcode	_IRI
fdc:arXiv	rdfs:seeAlso	scheme:arXiv	_IRI
fdc:ARK	rdfs:seeAlso	scheme:ARK	_IRI
fdc:IdentifierType	rdfs:seeAlso	scheme:IdentifierType	_IRI
fdc:Withdrawn	rdfs:seeAlso	scheme:Withdrawn	_IRI
fdc:Valid	rdfs:seeAlso	scheme:Valid	_IRI
fdc:Updated	rdfs:seeAlso	scheme:Updated	_IRI
fdc:Submitted	rdfs:seeAlso	scheme:Submitted	_IRI
fdc:Issued	rdfs:seeAlso	scheme:Issued	_IRI
fdc:Created	rdfs:seeAlso	scheme:Created	_IRI
fdc:Collected	rdfs:seeAlso	scheme:Collected	_IRI
fdc:Copyrighted	rdfs:seeAlso	scheme:Copyrighted	_IRI
fdc:Available	rdfs:seeAlso	scheme:Available	_IRI
fdc:Accepted	rdfs:seeAlso	scheme:Accepted	_IRI
fdc:Published	rdfs:seeAlso	scheme:Published	_IRI
fdc:DateType	rdfs:seeAlso	scheme:DateType	_IRI
fdc:OtherRole	rdfs:seeAlso	scheme:OtherRole	_IRI
fdc:WorkPackageLeader	rdfs:seeAlso	scheme:WorkPackageLeader	_IRI
fdc:Supervisor	rdfs:seeAlso	scheme:Supervisor	_IRI
fdc:Sponsor	rdfs:seeAlso	scheme:Sponsor	_IRI
fdc:RightsHolder	rdfs:seeAlso	scheme:RightsHolder	_IRI
fdc:ResearchGroup	rdfs:seeAlso	scheme:ResearchGroup	_IRI
fdc:Researcher	rdfs:seeAlso	scheme:Researcher	_IRI
fdc:LicenseIdentifier	rdfs:seeAlso	scheme:LicenseIdentifier	_IRI
fdc:IdentifierScheme	rdfs:seeAlso	scheme:IdentifierScheme	_IRI
fdc:Organization	rdfs:seeAlso	scheme:Organization	_IRI
fdc:Person	rdfs:seeAlso	scheme:Person	_IRI
fdc:ResourceCreatorType	rdfs:seeAlso	scheme:ResourceCreatorType	_IRI
fdc:AFL1.1	rdfs:seeAlso	scheme:AFL1.1	_IRI
fdc:ADSL	rdfs:seeAlso	scheme:ADSL	_IRI
fdc:AdobeGlyph	rdfs:seeAlso	scheme:AdobeGlyph	_IRI
fdc:Adobe2006	rdfs:seeAlso	scheme:Adobe2006	_IRI
fdc:Abstyles	rdfs:seeAlso	scheme:Abstyles	_IRI
fdc:AAL	rdfs:seeAlso	scheme:AAL	_IRI
fdc:0BSD	rdfs:seeAlso	scheme:0BSD	_IRI
fdc:BSD3ClauseAttribution	rdfs:seeAlso	scheme:BSD3ClauseAttribution	_IRI
fdc:BSD3Clause	rdfs:seeAlso	scheme:BSD3Clause	_IRI
fdc:BSD2ClauseViews	rdfs:seeAlso	scheme:BSD2ClauseViews	_IRI
fdc:BSD2ClausePatent	rdfs:seeAlso	scheme:BSD2ClausePatent	_IRI
fdc:BSD2Clause	rdfs:seeAlso	scheme:BSD2Clause	_IRI
fdc:BSD1Clause	rdfs:seeAlso	scheme:BSD1Clause	_IRI
fdc:Borceux	rdfs:seeAlso	scheme:Borceux	_IRI
fdc:BlueOak1.0.0	rdfs:seeAlso	scheme:BlueOak1.0.0	_IRI
fdc:blessing	rdfs:seeAlso	scheme:blessing	_IRI
fdc:BitTorrent1.1	rdfs:seeAlso	scheme:BitTorrent1.1	_IRI
fdc:BitTorrent1.0	rdfs:seeAlso	scheme:BitTorrent1.0	_IRI
fdc:Beerware	rdfs:seeAlso	scheme:Beerware	_IRI
fdc:Barr	rdfs:seeAlso	scheme:Barr	_IRI
fdc:Bahyph	rdfs:seeAlso	scheme:Bahyph	_IRI
fdc:Artistic2.0	rdfs:seeAlso	scheme:Artistic2.0	_IRI
fdc:Artistic1.0Perl	rdfs:seeAlso	scheme:Artistic1.0Perl	_IRI
fdc:Artistic1.0cl8	rdfs:seeAlso	scheme:Artistic1.0cl8	_IRI
fdc:Artistic1.0	rdfs:seeAlso	scheme:Artistic1.0	_IRI
fdc:APSL2.0	rdfs:seeAlso	scheme:APSL2.0	_IRI
fdc:APSL1.2	rdfs:seeAlso	scheme:APSL1.2	_IRI
fdc:APSL1.1	rdfs:seeAlso	scheme:APSL1.1	_IRI
fdc:APSL1.0	rdfs:seeAlso	scheme:APSL1.0	_IRI
fdc:APL1.0	rdfs:seeAlso	scheme:APL1.0	_IRI
fdc:APAFML	rdfs:seeAlso	scheme:APAFML	_IRI
fdc:Apache2.0	rdfs:seeAlso	scheme:Apache2.0	_IRI
fdc:Apache1.1	rdfs:seeAlso	scheme:Apache1.1	_IRI
fdc:Apache1.0	rdfs:seeAlso	scheme:Apache1.0	_IRI
fdc:ANTLRPDfallback	rdfs:seeAlso	scheme:ANTLRPDfallback	_IRI
fdc:ANTLRPD	rdfs:seeAlso	scheme:ANTLRPD	_IRI
fdc:AMPAS	rdfs:seeAlso	scheme:AMPAS	_IRI
fdc:AML	rdfs:seeAlso	scheme:AML	_IRI
fdc:AMDPLPA	rdfs:seeAlso	scheme:AMDPLPA	_IRI
fdc:Aladdin	rdfs:seeAlso	scheme:Aladdin	_IRI
fdc:AGPL3.0orlater	rdfs:seeAlso	scheme:AGPL3.0orlater	_IRI
fdc:AGPL3.0only	rdfs:seeAlso	scheme:AGPL3.0only	_IRI
fdc:AGPL1.0orlater	rdfs:seeAlso	scheme:AGPL1.0orlater	_IRI
fdc:AGPL1.0only	rdfs:seeAlso	scheme:AGPL1.0only	_IRI
fdc:Afmparse	rdfs:seeAlso	scheme:Afmparse	_IRI
fdc:AFL3.0	rdfs:seeAlso	scheme:AFL3.0	_IRI
fdc:AFL2.1	rdfs:seeAlso	scheme:AFL2.1	_IRI
fdc:AFL2.0	rdfs:seeAlso	scheme:AFL2.0	_IRI
fdc:AFL1.2	rdfs:seeAlso	scheme:AFL1.2	_IRI
fdc:CCBYND1.0	rdfs:seeAlso	scheme:CCBYND1.0	_IRI
fdc:CCBYNCSA4.0	rdfs:seeAlso	scheme:CCBYNCSA4.0	_IRI
fdc:CCBYNCSA3.0	rdfs:seeAlso	scheme:CCBYNCSA3.0	_IRI
fdc:CCBYNCSA2.5	rdfs:seeAlso	scheme:CCBYNCSA2.5	_IRI
fdc:CCBYNCSA2.0	rdfs:seeAlso	scheme:CCBYNCSA2.0	_IRI
fdc:CCBYNCSA1.0	rdfs:seeAlso	scheme:CCBYNCSA1.0	_IRI
fdc:CCBYNCND4.0	rdfs:seeAlso	scheme:CCBYNCND4.0	_IRI
fdc:CCBYNCND3.0IGO	rdfs:seeAlso	scheme:CCBYNCND3.0IGO	_IRI
fdc:CCBYNCND3.0	rdfs:seeAlso	scheme:CCBYNCND3.0	_IRI
fdc:CCBYNCND2.5	rdfs:seeAlso	scheme:CCBYNCND2.5	_IRI
fdc:CCBYNCND2.0	rdfs:seeAlso	scheme:CCBYNCND2.0	_IRI
fdc:CCBYNCND1.0	rdfs:seeAlso	scheme:CCBYNCND1.0	_IRI
fdc:CCBYNC4.0	rdfs:seeAlso	scheme:CCBYNC4.0	_IRI
fdc:CCBYNC3.0	rdfs:seeAlso	scheme:CCBYNC3.0	_IRI
fdc:CCBYNC2.5	rdfs:seeAlso	scheme:CCBYNC2.5	_IRI
fdc:CCBYNC2.0	rdfs:seeAlso	scheme:CCBYNC2.0	_IRI
fdc:CCBYNC1.0	rdfs:seeAlso	scheme:CCBYNC1.0	_IRI
fdc:CCBY4.0	rdfs:seeAlso	scheme:CCBY4.0	_IRI
fdc:CCBY3.0US	rdfs:seeAlso	scheme:CCBY3.0US	_IRI
fdc:CCBY3.0AT	rdfs:seeAlso	scheme:CCBY3.0AT	_IRI
fdc:CCBY3.0	rdfs:seeAlso	scheme:CCBY3.0	_IRI
fdc:CCBY2.5	rdfs:seeAlso	scheme:CCBY2.5	_IRI
fdc:CCBY2.0	rdfs:seeAlso	scheme:CCBY2.0	_IRI
fdc:CCBY1.0	rdfs:seeAlso	scheme:CCBY1.0	_IRI
fdc:CATOSL1.1	rdfs:seeAlso	scheme:CATOSL1.1	_IRI
fdc:Caldera	rdfs:seeAlso	scheme:Caldera	_IRI
fdc:CAL1.0CombinedWorkException	rdfs:seeAlso	scheme:CAL1.0CombinedWorkException	_IRI
fdc:CAL1.0	rdfs:seeAlso	scheme:CAL1.0	_IRI
fdc:bzip21.0.6	rdfs:seeAlso	scheme:bzip21.0.6	_IRI
fdc:bzip21.0.5	rdfs:seeAlso	scheme:bzip21.0.5	_IRI
fdc:BUSL1.1	rdfs:seeAlso	scheme:BUSL1.1	_IRI
fdc:BSL1.0	rdfs:seeAlso	scheme:BSL1.0	_IRI
fdc:BSDSourceCode	rdfs:seeAlso	scheme:BSDSourceCode	_IRI
fdc:BSDProtection	rdfs:seeAlso	scheme:BSDProtection	_IRI
fdc:BSD4ClauseUC	rdfs:seeAlso	scheme:BSD4ClauseUC	_IRI
fdc:BSD4Clause	rdfs:seeAlso	scheme:BSD4Clause	_IRI
fdc:BSD3ClauseOpenMPI	rdfs:seeAlso	scheme:BSD3ClauseOpenMPI	_IRI
fdc:BSD3ClauseNoNuclearWarranty	rdfs:seeAlso	scheme:BSD3ClauseNoNuclearWarranty	_IRI
fdc:BSD3ClauseNoNuclearLicense2014	rdfs:seeAlso	scheme:BSD3ClauseNoNuclearLicense2014	_IRI
fdc:BSD3ClauseNoNuclearLicense	rdfs:seeAlso	scheme:BSD3ClauseNoNuclearLicense	_IRI
fdc:BSD3ClauseLBNL	rdfs:seeAlso	scheme:BSD3ClauseLBNL	_IRI
fdc:BSD3ClauseClear	rdfs:seeAlso	scheme:BSD3ClauseClear	_IRI
fdc:CUAOPL1.0	rdfs:seeAlso	scheme:CUAOPL1.0	_IRI
fdc:CrystalStacker	rdfs:seeAlso	scheme:CrystalStacker	_IRI
fdc:Crossword	rdfs:seeAlso	scheme:Crossword	_IRI
fdc:CPOL1.02	rdfs:seeAlso	scheme:CPOL1.02	_IRI
fdc:CPL1.0	rdfs:seeAlso	scheme:CPL1.0	_IRI
fdc:CPAL1.0	rdfs:seeAlso	scheme:CPAL1.0	_IRI
fdc:copyleftnext0.3.1	rdfs:seeAlso	scheme:copyleftnext0.3.1	_IRI
fdc:copyleftnext0.3.0	rdfs:seeAlso	scheme:copyleftnext0.3.0	_IRI
fdc:Condor1.1	rdfs:seeAlso	scheme:Condor1.1	_IRI
fdc:CNRIPythonGPLCompatible	rdfs:seeAlso	scheme:CNRIPythonGPLCompatible	_IRI
fdc:CNRIPython	rdfs:seeAlso	scheme:CNRIPython	_IRI
fdc:CNRIJython	rdfs:seeAlso	scheme:CNRIJython	_IRI
fdc:ClArtistic	rdfs:seeAlso	scheme:ClArtistic	_IRI
fdc:CERNOHLW2.0	rdfs:seeAlso	scheme:CERNOHLW2.0	_IRI
fdc:CERNOHLS2.0	rdfs:seeAlso	scheme:CERNOHLS2.0	_IRI
fdc:CERNOHLP2.0	rdfs:seeAlso	scheme:CERNOHLP2.0	_IRI
fdc:CERNOHL1.2	rdfs:seeAlso	scheme:CERNOHL1.2	_IRI
fdc:CERNOHL1.1	rdfs:seeAlso	scheme:CERNOHL1.1	_IRI
fdc:CECILLC	rdfs:seeAlso	scheme:CECILLC	_IRI
fdc:CECILLB	rdfs:seeAlso	scheme:CECILLB	_IRI
fdc:CECILL2.1	rdfs:seeAlso	scheme:CECILL2.1	_IRI
fdc:CECILL2.0	rdfs:seeAlso	scheme:CECILL2.0	_IRI
fdc:CECILL1.1	rdfs:seeAlso	scheme:CECILL1.1	_IRI
fdc:CECILL1.0	rdfs:seeAlso	scheme:CECILL1.0	_IRI
fdc:CDLASharing1.0	rdfs:seeAlso	scheme:CDLASharing1.0	_IRI
fdc:CDLAPermissive1.0	rdfs:seeAlso	scheme:CDLAPermissive1.0	_IRI
fdc:CDDL1.1	rdfs:seeAlso	scheme:CDDL1.1	_IRI
fdc:CDDL1.0	rdfs:seeAlso	scheme:CDDL1.0	_IRI
fdc:CC01.0	rdfs:seeAlso	scheme:CC01.0	_IRI
fdc:CCPDDC	rdfs:seeAlso	scheme:CCPDDC	_IRI
fdc:CCBYSA4.0	rdfs:seeAlso	scheme:CCBYSA4.0	_IRI
fdc:CCBYSA3.0AT	rdfs:seeAlso	scheme:CCBYSA3.0AT	_IRI
fdc:CCBYSA3.0	rdfs:seeAlso	scheme:CCBYSA3.0	_IRI
fdc:CCBYSA2.5	rdfs:seeAlso	scheme:CCBYSA2.5	_IRI
fdc:CCBYSA2.0UK	rdfs:seeAlso	scheme:CCBYSA2.0UK	_IRI
fdc:CCBYSA2.0	rdfs:seeAlso	scheme:CCBYSA2.0	_IRI
fdc:CCBYSA1.0	rdfs:seeAlso	scheme:CCBYSA1.0	_IRI
fdc:CCBYND4.0	rdfs:seeAlso	scheme:CCBYND4.0	_IRI
fdc:CCBYND3.0	rdfs:seeAlso	scheme:CCBYND3.0	_IRI
fdc:CCBYND2.5	rdfs:seeAlso	scheme:CCBYND2.5	_IRI
fdc:CCBYND2.0	rdfs:seeAlso	scheme:CCBYND2.0	_IRI
fdc:GFDL1.2only	rdfs:seeAlso	scheme:GFDL1.2only	_IRI
fdc:GFDL1.2noinvariantsorlater	rdfs:seeAlso	scheme:GFDL1.2noinvariantsorlater	_IRI
fdc:GFDL1.2noinvariantsonly	rdfs:seeAlso	scheme:GFDL1.2noinvariantsonly	_IRI
fdc:GFDL1.2invariantsorlater	rdfs:seeAlso	scheme:GFDL1.2invariantsorlater	_IRI
fdc:GFDL1.2invariantsonly	rdfs:seeAlso	scheme:GFDL1.2invariantsonly	_IRI
fdc:GFDL1.1orlater	rdfs:seeAlso	scheme:GFDL1.1orlater	_IRI
fdc:GFDL1.1only	rdfs:seeAlso	scheme:GFDL1.1only	_IRI
fdc:GFDL1.1noinvariantsorlater	rdfs:seeAlso	scheme:GFDL1.1noinvariantsorlater	_IRI
fdc:GFDL1.1noinvariantsonly	rdfs:seeAlso	scheme:GFDL1.1noinvariantsonly	_IRI
fdc:GFDL1.1invariantsorlater	rdfs:seeAlso	scheme:GFDL1.1invariantsorlater	_IRI
fdc:GFDL1.1invariantsonly	rdfs:seeAlso	scheme:GFDL1.1invariantsonly	_IRI
fdc:FTL	rdfs:seeAlso	scheme:FTL	_IRI
fdc:FSFULLR	rdfs:seeAlso	scheme:FSFULLR	_IRI
fdc:FSFUL	rdfs:seeAlso	scheme:FSFUL	_IRI
fdc:FSFAP	rdfs:seeAlso	scheme:FSFAP	_IRI
fdc:FreeImage	rdfs:seeAlso	scheme:FreeImage	_IRI
fdc:Frameworx1.0	rdfs:seeAlso	scheme:Frameworx1.0	_IRI
fdc:Fair	rdfs:seeAlso	scheme:Fair	_IRI
fdc:Eurosym	rdfs:seeAlso	scheme:Eurosym	_IRI
fdc:EUPL1.2	rdfs:seeAlso	scheme:EUPL1.2	_IRI
fdc:EUPL1.1	rdfs:seeAlso	scheme:EUPL1.1	_IRI
fdc:EUPL1.0	rdfs:seeAlso	scheme:EUPL1.0	_IRI
fdc:EUDatagrid	rdfs:seeAlso	scheme:EUDatagrid	_IRI
fdc:etalab2.0	rdfs:seeAlso	scheme:etalab2.0	_IRI
fdc:ErlPL1.1	rdfs:seeAlso	scheme:ErlPL1.1	_IRI
fdc:EPL2.0	rdfs:seeAlso	scheme:EPL2.0	_IRI
fdc:EPL1.0	rdfs:seeAlso	scheme:EPL1.0	_IRI
fdc:EPICS	rdfs:seeAlso	scheme:EPICS	_IRI
fdc:Entessa	rdfs:seeAlso	scheme:Entessa	_IRI
fdc:eGenix	rdfs:seeAlso	scheme:eGenix	_IRI
fdc:EFL2.0	rdfs:seeAlso	scheme:EFL2.0	_IRI
fdc:EFL1.0	rdfs:seeAlso	scheme:EFL1.0	_IRI
fdc:ECL2.0	rdfs:seeAlso	scheme:ECL2.0	_IRI
fdc:ECL1.0	rdfs:seeAlso	scheme:ECL1.0	_IRI
fdc:dvipdfm	rdfs:seeAlso	scheme:dvipdfm	_IRI
fdc:DSDP	rdfs:seeAlso	scheme:DSDP	_IRI
fdc:Dotseqn	rdfs:seeAlso	scheme:Dotseqn	_IRI
fdc:DOC	rdfs:seeAlso	scheme:DOC	_IRI
fdc:diffmark	rdfs:seeAlso	scheme:diffmark	_IRI
fdc:DFSL1.0	rdfs:seeAlso	scheme:DFSL1.0	_IRI
fdc:curl	rdfs:seeAlso	scheme:curl	_IRI
fdc:Cube	rdfs:seeAlso	scheme:Cube	_IRI
fdc:LAL1.2	rdfs:seeAlso	scheme:LAL1.2	_IRI
fdc:JSON	rdfs:seeAlso	scheme:JSON	_IRI
fdc:JPNIC	rdfs:seeAlso	scheme:JPNIC	_IRI
fdc:JasPer2.0	rdfs:seeAlso	scheme:JasPer2.0	_IRI
fdc:ISC	rdfs:seeAlso	scheme:ISC	_IRI
fdc:IPL1.0	rdfs:seeAlso	scheme:IPL1.0	_IRI
fdc:IPA	rdfs:seeAlso	scheme:IPA	_IRI
fdc:Interbase1.0	rdfs:seeAlso	scheme:Interbase1.0	_IRI
fdc:IntelACPI	rdfs:seeAlso	scheme:IntelACPI	_IRI
fdc:Intel	rdfs:seeAlso	scheme:Intel	_IRI
fdc:InfoZIP	rdfs:seeAlso	scheme:InfoZIP	_IRI
fdc:Imlib2	rdfs:seeAlso	scheme:Imlib2	_IRI
fdc:iMatix	rdfs:seeAlso	scheme:iMatix	_IRI
fdc:ImageMagick	rdfs:seeAlso	scheme:ImageMagick	_IRI
fdc:IJG	rdfs:seeAlso	scheme:IJG	_IRI
fdc:ICU	rdfs:seeAlso	scheme:ICU	_IRI
fdc:IBMpibs	rdfs:seeAlso	scheme:IBMpibs	_IRI
fdc:HTMLTIDY	rdfs:seeAlso	scheme:HTMLTIDY	_IRI
fdc:HPNDsellvariant	rdfs:seeAlso	scheme:HPNDsellvariant	_IRI
fdc:HPND	rdfs:seeAlso	scheme:HPND	_IRI
fdc:Hippocratic2.1	rdfs:seeAlso	scheme:Hippocratic2.1	_IRI
fdc:HaskellReport	rdfs:seeAlso	scheme:HaskellReport	_IRI
fdc:gSOAP1.3b	rdfs:seeAlso	scheme:gSOAP1.3b	_IRI
fdc:GPL3.0orlater	rdfs:seeAlso	scheme:GPL3.0orlater	_IRI
fdc:GPL3.0only	rdfs:seeAlso	scheme:GPL3.0only	_IRI
fdc:GPL2.0orlater	rdfs:seeAlso	scheme:GPL2.0orlater	_IRI
fdc:GPL2.0only	rdfs:seeAlso	scheme:GPL2.0only	_IRI
fdc:GPL1.0orlater	rdfs:seeAlso	scheme:GPL1.0orlater	_IRI
fdc:GPL1.0only	rdfs:seeAlso	scheme:GPL1.0only	_IRI
fdc:gnuplot	rdfs:seeAlso	scheme:gnuplot	_IRI
fdc:GLWTPL	rdfs:seeAlso	scheme:GLWTPL	_IRI
fdc:Glulxe	rdfs:seeAlso	scheme:Glulxe	_IRI
fdc:Glide	rdfs:seeAlso	scheme:Glide	_IRI
fdc:GL2PS	rdfs:seeAlso	scheme:GL2PS	_IRI
fdc:Giftware	rdfs:seeAlso	scheme:Giftware	_IRI
fdc:GFDL1.3orlater	rdfs:seeAlso	scheme:GFDL1.3orlater	_IRI
fdc:GFDL1.3only	rdfs:seeAlso	scheme:GFDL1.3only	_IRI
fdc:GFDL1.3noinvariantsorlater	rdfs:seeAlso	scheme:GFDL1.3noinvariantsorlater	_IRI
fdc:GFDL1.3noinvariantsonly	rdfs:seeAlso	scheme:GFDL1.3noinvariantsonly	_IRI
fdc:GFDL1.3invariantsorlater	rdfs:seeAlso	scheme:GFDL1.3invariantsorlater	_IRI
fdc:GFDL1.3invariantsonly	rdfs:seeAlso	scheme:GFDL1.3invariantsonly	_IRI
fdc:GFDL1.2orlater	rdfs:seeAlso	scheme:GFDL1.2orlater	_IRI
fdc:MPL2.0nocopyleftexception	rdfs:seeAlso	scheme:MPL2.0nocopyleftexception	_IRI
fdc:MPL2.0	rdfs:seeAlso	scheme:MPL2.0	_IRI
fdc:MPL1.1	rdfs:seeAlso	scheme:MPL1.1	_IRI
fdc:MPL1.0	rdfs:seeAlso	scheme:MPL1.0	_IRI
fdc:mpich2	rdfs:seeAlso	scheme:mpich2	_IRI
fdc:Motosoto	rdfs:seeAlso	scheme:Motosoto	_IRI
fdc:MITNFA	rdfs:seeAlso	scheme:MITNFA	_IRI
fdc:MITopengroup	rdfs:seeAlso	scheme:MITopengroup	_IRI
fdc:MITfeh	rdfs:seeAlso	scheme:MITfeh	_IRI
fdc:MITenna	rdfs:seeAlso	scheme:MITenna	_IRI
fdc:MITCMU	rdfs:seeAlso	scheme:MITCMU	_IRI
fdc:MITadvertising	rdfs:seeAlso	scheme:MITadvertising	_IRI
fdc:MIT0	rdfs:seeAlso	scheme:MIT0	_IRI
fdc:MIT	rdfs:seeAlso	scheme:MIT	_IRI
fdc:MirOS	rdfs:seeAlso	scheme:MirOS	_IRI
fdc:MakeIndex	rdfs:seeAlso	scheme:MakeIndex	_IRI
fdc:LPPL1.3c	rdfs:seeAlso	scheme:LPPL1.3c	_IRI
fdc:LPPL1.3a	rdfs:seeAlso	scheme:LPPL1.3a	_IRI
fdc:LPPL1.2	rdfs:seeAlso	scheme:LPPL1.2	_IRI
fdc:LPPL1.1	rdfs:seeAlso	scheme:LPPL1.1	_IRI
fdc:LPPL1.0	rdfs:seeAlso	scheme:LPPL1.0	_IRI
fdc:LPL1.02	rdfs:seeAlso	scheme:LPL1.02	_IRI
fdc:LPL1.0	rdfs:seeAlso	scheme:LPL1.0	_IRI
fdc:LinuxOpenIB	rdfs:seeAlso	scheme:LinuxOpenIB	_IRI
fdc:LiLiQRplus1.1	rdfs:seeAlso	scheme:LiLiQRplus1.1	_IRI
fdc:LiLiQR1.1	rdfs:seeAlso	scheme:LiLiQR1.1	_IRI
fdc:LiLiQP1.1	rdfs:seeAlso	scheme:LiLiQP1.1	_IRI
fdc:libtiff	rdfs:seeAlso	scheme:libtiff	_IRI
fdc:libselinux1.0	rdfs:seeAlso	scheme:libselinux1.0	_IRI
fdc:libpng2.0	rdfs:seeAlso	scheme:libpng2.0	_IRI
fdc:Libpng	rdfs:seeAlso	scheme:Libpng	_IRI
fdc:LGPLLR	rdfs:seeAlso	scheme:LGPLLR	_IRI
fdc:LGPL3.0orlater	rdfs:seeAlso	scheme:LGPL3.0orlater	_IRI
fdc:LGPL3.0only	rdfs:seeAlso	scheme:LGPL3.0only	_IRI
fdc:LGPL2.1orlater	rdfs:seeAlso	scheme:LGPL2.1orlater	_IRI
fdc:LGPL2.1only	rdfs:seeAlso	scheme:LGPL2.1only	_IRI
fdc:LGPL2.0orlater	rdfs:seeAlso	scheme:LGPL2.0orlater	_IRI
fdc:LGPL2.0only	rdfs:seeAlso	scheme:LGPL2.0only	_IRI
fdc:Leptonica	rdfs:seeAlso	scheme:Leptonica	_IRI
fdc:Latex2e	rdfs:seeAlso	scheme:Latex2e	_IRI
fdc:LAL1.3	rdfs:seeAlso	scheme:LAL1.3	_IRI
fdc:OGLCanada2.0	rdfs:seeAlso	scheme:OGLCanada2.0	_IRI
fdc:OGC1.0	rdfs:seeAlso	scheme:OGC1.0	_IRI
fdc:OFL1.1RFN	rdfs:seeAlso	scheme:OFL1.1RFN	_IRI
fdc:OFL1.1noRFN	rdfs:seeAlso	scheme:OFL1.1noRFN	_IRI
fdc:OFL1.1	rdfs:seeAlso	scheme:OFL1.1	_IRI
fdc:OFL1.0RFN	rdfs:seeAlso	scheme:OFL1.0RFN	_IRI
fdc:OFL1.0noRFN	rdfs:seeAlso	scheme:OFL1.0noRFN	_IRI
fdc:OFL1.0	rdfs:seeAlso	scheme:OFL1.0	_IRI
fdc:ODCBy1.0	rdfs:seeAlso	scheme:ODCBy1.0	_IRI
fdc:ODbL1.0	rdfs:seeAlso	scheme:ODbL1.0	_IRI
fdc:OCLC2.0	rdfs:seeAlso	scheme:OCLC2.0	_IRI
fdc:OCCTPL	rdfs:seeAlso	scheme:OCCTPL	_IRI
fdc:OUDA1.0	rdfs:seeAlso	scheme:OUDA1.0	_IRI
fdc:NTP0	rdfs:seeAlso	scheme:NTP0	_IRI
fdc:NTP	rdfs:seeAlso	scheme:NTP	_IRI
fdc:NRL	rdfs:seeAlso	scheme:NRL	_IRI
fdc:NPOSL3.0	rdfs:seeAlso	scheme:NPOSL3.0	_IRI
fdc:NPL1.1	rdfs:seeAlso	scheme:NPL1.1	_IRI
fdc:NPL1.0	rdfs:seeAlso	scheme:NPL1.0	_IRI
fdc:Noweb	rdfs:seeAlso	scheme:Noweb	_IRI
fdc:NOSL	rdfs:seeAlso	scheme:NOSL	_IRI
fdc:Nokia	rdfs:seeAlso	scheme:Nokia	_IRI
fdc:NLPL	rdfs:seeAlso	scheme:NLPL	_IRI
fdc:NLOD1.0	rdfs:seeAlso	scheme:NLOD1.0	_IRI
fdc:NISTPDfallback	rdfs:seeAlso	scheme:NISTPDfallback	_IRI
fdc:NISTPD	rdfs:seeAlso	scheme:NISTPD	_IRI
fdc:NGPL	rdfs:seeAlso	scheme:NGPL	_IRI
fdc:Newsletr	rdfs:seeAlso	scheme:Newsletr	_IRI
fdc:NetCDF	rdfs:seeAlso	scheme:NetCDF	_IRI
fdc:NetSNMP	rdfs:seeAlso	scheme:NetSNMP	_IRI
fdc:NCSA	rdfs:seeAlso	scheme:NCSA	_IRI
fdc:NCGLUK2.0	rdfs:seeAlso	scheme:NCGLUK2.0	_IRI
fdc:NBPL1.0	rdfs:seeAlso	scheme:NBPL1.0	_IRI
fdc:Naumen	rdfs:seeAlso	scheme:Naumen	_IRI
fdc:NASA1.3	rdfs:seeAlso	scheme:NASA1.3	_IRI
fdc:Mup	rdfs:seeAlso	scheme:Mup	_IRI
fdc:Multics	rdfs:seeAlso	scheme:Multics	_IRI
fdc:MulanPSL2.0	rdfs:seeAlso	scheme:MulanPSL2.0	_IRI
fdc:MulanPSL1.0	rdfs:seeAlso	scheme:MulanPSL1.0	_IRI
fdc:MTLL	rdfs:seeAlso	scheme:MTLL	_IRI
fdc:MSRL	rdfs:seeAlso	scheme:MSRL	_IRI
fdc:MSPL	rdfs:seeAlso	scheme:MSPL	_IRI
fdc:Python2.0	rdfs:seeAlso	scheme:Python2.0	_IRI
fdc:psutils	rdfs:seeAlso	scheme:psutils	_IRI
fdc:psfrag	rdfs:seeAlso	scheme:psfrag	_IRI
fdc:PSF2.0	rdfs:seeAlso	scheme:PSF2.0	_IRI
fdc:PostgreSQL	rdfs:seeAlso	scheme:PostgreSQL	_IRI
fdc:PolyFormSmallBusiness1.0.0	rdfs:seeAlso	scheme:PolyFormSmallBusiness1.0.0	_IRI
fdc:PolyFormNoncommercial1.0.0	rdfs:seeAlso	scheme:PolyFormNoncommercial1.0.0	_IRI
fdc:Plexus	rdfs:seeAlso	scheme:Plexus	_IRI
fdc:PHP3.01	rdfs:seeAlso	scheme:PHP3.01	_IRI
fdc:PHP3.0	rdfs:seeAlso	scheme:PHP3.0	_IRI
fdc:PDDL1.0	rdfs:seeAlso	scheme:PDDL1.0	_IRI
fdc:Parity7.0.0	rdfs:seeAlso	scheme:Parity7.0.0	_IRI
fdc:Parity6.0.0	rdfs:seeAlso	scheme:Parity6.0.0	_IRI
fdc:OSL3.0	rdfs:seeAlso	scheme:OSL3.0	_IRI
fdc:OSL2.1	rdfs:seeAlso	scheme:OSL2.1	_IRI
fdc:OSL2.0	rdfs:seeAlso	scheme:OSL2.0	_IRI
fdc:OSL1.1	rdfs:seeAlso	scheme:OSL1.1	_IRI
fdc:OSL1.0	rdfs:seeAlso	scheme:OSL1.0	_IRI
fdc:OSETPL2.1	rdfs:seeAlso	scheme:OSETPL2.1	_IRI
fdc:OPL1.0	rdfs:seeAlso	scheme:OPL1.0	_IRI
fdc:OpenSSL	rdfs:seeAlso	scheme:OpenSSL	_IRI
fdc:OML	rdfs:seeAlso	scheme:OML	_IRI
fdc:OLDAP2.8	rdfs:seeAlso	scheme:OLDAP2.8	_IRI
fdc:OLDAP2.7	rdfs:seeAlso	scheme:OLDAP2.7	_IRI
fdc:OLDAP2.6	rdfs:seeAlso	scheme:OLDAP2.6	_IRI
fdc:OLDAP2.5	rdfs:seeAlso	scheme:OLDAP2.5	_IRI
fdc:OLDAP2.4	rdfs:seeAlso	scheme:OLDAP2.4	_IRI
fdc:OLDAP2.3	rdfs:seeAlso	scheme:OLDAP2.3	_IRI
fdc:OLDAP2.2.2	rdfs:seeAlso	scheme:OLDAP2.2.2	_IRI
fdc:OLDAP2.2.1	rdfs:seeAlso	scheme:OLDAP2.2.1	_IRI
fdc:OLDAP2.2	rdfs:seeAlso	scheme:OLDAP2.2	_IRI
fdc:OLDAP2.1	rdfs:seeAlso	scheme:OLDAP2.1	_IRI
fdc:OLDAP2.0.1	rdfs:seeAlso	scheme:OLDAP2.0.1	_IRI
fdc:OLDAP2.0	rdfs:seeAlso	scheme:OLDAP2.0	_IRI
fdc:OLDAP1.4	rdfs:seeAlso	scheme:OLDAP1.4	_IRI
fdc:OLDAP1.3	rdfs:seeAlso	scheme:OLDAP1.3	_IRI
fdc:OLDAP1.2	rdfs:seeAlso	scheme:OLDAP1.2	_IRI
fdc:OLDAP1.1	rdfs:seeAlso	scheme:OLDAP1.1	_IRI
fdc:OGTSL	rdfs:seeAlso	scheme:OGTSL	_IRI
fdc:OGLUK3.0	rdfs:seeAlso	scheme:OGLUK3.0	_IRI
fdc:OGLUK2.0	rdfs:seeAlso	scheme:OGLUK2.0	_IRI
fdc:OGLUK1.0	rdfs:seeAlso	scheme:OGLUK1.0	_IRI
fdc:TORQUE1.1	rdfs:seeAlso	scheme:TORQUE1.1	_IRI
fdc:TMate	rdfs:seeAlso	scheme:TMate	_IRI
fdc:TCPwrappers	rdfs:seeAlso	scheme:TCPwrappers	_IRI
fdc:TCL	rdfs:seeAlso	scheme:TCL	_IRI
fdc:TAPROHL1.0	rdfs:seeAlso	scheme:TAPROHL1.0	_IRI
fdc:SWL	rdfs:seeAlso	scheme:SWL	_IRI
fdc:SugarCRM1.1.3	rdfs:seeAlso	scheme:SugarCRM1.1.3	_IRI
fdc:SSPL1.0	rdfs:seeAlso	scheme:SSPL1.0	_IRI
fdc:SSHshort	rdfs:seeAlso	scheme:SSHshort	_IRI
fdc:SSHOpenSSH	rdfs:seeAlso	scheme:SSHOpenSSH	_IRI
fdc:SPL1.0	rdfs:seeAlso	scheme:SPL1.0	_IRI
fdc:Spencer99	rdfs:seeAlso	scheme:Spencer99	_IRI
fdc:Spencer94	rdfs:seeAlso	scheme:Spencer94	_IRI
fdc:Spencer86	rdfs:seeAlso	scheme:Spencer86	_IRI
fdc:SNIA	rdfs:seeAlso	scheme:SNIA	_IRI
fdc:SMPPL	rdfs:seeAlso	scheme:SMPPL	_IRI
fdc:SMLNJ	rdfs:seeAlso	scheme:SMLNJ	_IRI
fdc:Sleepycat	rdfs:seeAlso	scheme:Sleepycat	_IRI
fdc:SISSL1.2	rdfs:seeAlso	scheme:SISSL1.2	_IRI
fdc:SISSL	rdfs:seeAlso	scheme:SISSL	_IRI
fdc:SimPL2.0	rdfs:seeAlso	scheme:SimPL2.0	_IRI
fdc:SHL0.51	rdfs:seeAlso	scheme:SHL0.51	_IRI
fdc:SHL0.5	rdfs:seeAlso	scheme:SHL0.5	_IRI
fdc:SGIB2.0	rdfs:seeAlso	scheme:SGIB2.0	_IRI
fdc:SGIB1.1	rdfs:seeAlso	scheme:SGIB1.1	_IRI
fdc:SGIB1.0	rdfs:seeAlso	scheme:SGIB1.0	_IRI
fdc:Sendmail8.23	rdfs:seeAlso	scheme:Sendmail8.23	_IRI
fdc:Sendmail	rdfs:seeAlso	scheme:Sendmail	_IRI
fdc:SCEA	rdfs:seeAlso	scheme:SCEA	_IRI
fdc:Saxpath	rdfs:seeAlso	scheme:Saxpath	_IRI
fdc:SAXPD	rdfs:seeAlso	scheme:SAXPD	_IRI
fdc:Ruby	rdfs:seeAlso	scheme:Ruby	_IRI
fdc:RSCPL	rdfs:seeAlso	scheme:RSCPL	_IRI
fdc:RSAMD	rdfs:seeAlso	scheme:RSAMD	_IRI
fdc:RPSL1.0	rdfs:seeAlso	scheme:RPSL1.0	_IRI
fdc:RPL1.5	rdfs:seeAlso	scheme:RPL1.5	_IRI
fdc:RPL1.1	rdfs:seeAlso	scheme:RPL1.1	_IRI
fdc:RHeCos1.1	rdfs:seeAlso	scheme:RHeCos1.1	_IRI
fdc:Rdisc	rdfs:seeAlso	scheme:Rdisc	_IRI
fdc:QPL1.0	rdfs:seeAlso	scheme:QPL1.0	_IRI
fdc:Qhull	rdfs:seeAlso	scheme:Qhull	_IRI
fdc:MIMEType	rdfs:seeAlso	scheme:MIMEType	_IRI
fdc:ZPL2.1	rdfs:seeAlso	scheme:ZPL2.1	_IRI
fdc:ZPL2.0	rdfs:seeAlso	scheme:ZPL2.0	_IRI
fdc:ZPL1.1	rdfs:seeAlso	scheme:ZPL1.1	_IRI
fdc:zlibacknowledgement	rdfs:seeAlso	scheme:zlibacknowledgement	_IRI
fdc:Zlib	rdfs:seeAlso	scheme:Zlib	_IRI
fdc:Zimbra1.4	rdfs:seeAlso	scheme:Zimbra1.4	_IRI
fdc:Zimbra1.3	rdfs:seeAlso	scheme:Zimbra1.3	_IRI
fdc:Zend2.0	rdfs:seeAlso	scheme:Zend2.0	_IRI
fdc:Zed	rdfs:seeAlso	scheme:Zed	_IRI
fdc:YPL1.1	rdfs:seeAlso	scheme:YPL1.1	_IRI
fdc:YPL1.0	rdfs:seeAlso	scheme:YPL1.0	_IRI
fdc:XSkat	rdfs:seeAlso	scheme:XSkat	_IRI
fdc:xpp	rdfs:seeAlso	scheme:xpp	_IRI
fdc:Xnet	rdfs:seeAlso	scheme:Xnet	_IRI
fdc:xinetd	rdfs:seeAlso	scheme:xinetd	_IRI
fdc:XFree861.1	rdfs:seeAlso	scheme:XFree861.1	_IRI
fdc:Xerox	rdfs:seeAlso	scheme:Xerox	_IRI
fdc:X11	rdfs:seeAlso	scheme:X11	_IRI
fdc:WTFPL	rdfs:seeAlso	scheme:WTFPL	_IRI
fdc:Wsuipa	rdfs:seeAlso	scheme:Wsuipa	_IRI
fdc:Watcom1.0	rdfs:seeAlso	scheme:Watcom1.0	_IRI
fdc:W3C20150513	rdfs:seeAlso	scheme:W3C20150513	_IRI
fdc:W3C19980720	rdfs:seeAlso	scheme:W3C19980720	_IRI
fdc:W3C	rdfs:seeAlso	scheme:W3C	_IRI
fdc:VSL1.0	rdfs:seeAlso	scheme:VSL1.0	_IRI
fdc:VOSTROM	rdfs:seeAlso	scheme:VOSTROM	_IRI
fdc:Vim	rdfs:seeAlso	scheme:Vim	_IRI
fdc:UPL1.0	rdfs:seeAlso	scheme:UPL1.0	_IRI
fdc:Unlicense	rdfs:seeAlso	scheme:Unlicense	_IRI
fdc:UnicodeTOU	rdfs:seeAlso	scheme:UnicodeTOU	_IRI
fdc:UnicodeDFS2016	rdfs:seeAlso	scheme:UnicodeDFS2016	_IRI
fdc:UnicodeDFS2015	rdfs:seeAlso	scheme:UnicodeDFS2015	_IRI
fdc:UCL1.0	rdfs:seeAlso	scheme:UCL1.0	_IRI
fdc:TUBerlin2.0	rdfs:seeAlso	scheme:TUBerlin2.0	_IRI
fdc:TUBerlin1.0	rdfs:seeAlso	scheme:TUBerlin1.0	_IRI
fdc:TOSL	rdfs:seeAlso	scheme:TOSL	_IRI
fdc:application-clariscad	rdfs:seeAlso	scheme:application-clariscad	_IRI
fdc:application-cdf	rdfs:seeAlso	scheme:application-cdf	_IRI
fdc:application-book	rdfs:seeAlso	scheme:application-book	_IRI
fdc:application-binhex4	rdfs:seeAlso	scheme:application-binhex4	_IRI
fdc:application-binhex	rdfs:seeAlso	scheme:application-binhex	_IRI
fdc:application-base64	rdfs:seeAlso	scheme:application-base64	_IRI
fdc:application-arj	rdfs:seeAlso	scheme:application-arj	_IRI
fdc:application-acad	rdfs:seeAlso	scheme:application-acad	_IRI
fdc:application-x-bytecode.python	rdfs:seeAlso	scheme:application-x-bytecode.python	_IRI
fdc:application-pkix-crl	rdfs:seeAlso	scheme:application-pkix-crl	_IRI
fdc:application-pkix-cert	rdfs:seeAlso	scheme:application-pkix-cert	_IRI
fdc:application-pkcs7-signature	rdfs:seeAlso	scheme:application-pkcs7-signature	_IRI
fdc:application-pkcs7-mime	rdfs:seeAlso	scheme:application-pkcs7-mime	_IRI
fdc:application-pkcs10	rdfs:seeAlso	scheme:application-pkcs10	_IRI
fdc:application-pkcs-crl	rdfs:seeAlso	scheme:application-pkcs-crl	_IRI
fdc:application-pkcs-12	rdfs:seeAlso	scheme:application-pkcs-12	_IRI
fdc:application-pdf	rdfs:seeAlso	scheme:application-pdf	_IRI
fdc:application-ogg	rdfs:seeAlso	scheme:application-ogg	_IRI
fdc:application-oda	rdfs:seeAlso	scheme:application-oda	_IRI
fdc:application-octet-stream	rdfs:seeAlso	scheme:application-octet-stream	_IRI
fdc:application-netmc	rdfs:seeAlso	scheme:application-netmc	_IRI
fdc:application-mswrite	rdfs:seeAlso	scheme:application-mswrite	_IRI
fdc:application-msword	rdfs:seeAlso	scheme:application-msword	_IRI
fdc:application-mspowerpoint	rdfs:seeAlso	scheme:application-mspowerpoint	_IRI
fdc:application-mime	rdfs:seeAlso	scheme:application-mime	_IRI
fdc:application-mcad	rdfs:seeAlso	scheme:application-mcad	_IRI
fdc:application-mbedlet	rdfs:seeAlso	scheme:application-mbedlet	_IRI
fdc:application-marc	rdfs:seeAlso	scheme:application-marc	_IRI
fdc:application-macbinary	rdfs:seeAlso	scheme:application-macbinary	_IRI
fdc:application-mac-compactpro	rdfs:seeAlso	scheme:application-mac-compactpro	_IRI
fdc:application-mac-binhex40	rdfs:seeAlso	scheme:application-mac-binhex40	_IRI
fdc:application-mac-binhex	rdfs:seeAlso	scheme:application-mac-binhex	_IRI
fdc:application-mac-binary	rdfs:seeAlso	scheme:application-mac-binary	_IRI
fdc:application-lzx	rdfs:seeAlso	scheme:application-lzx	_IRI
fdc:application-lha	rdfs:seeAlso	scheme:application-lha	_IRI
<http://fairdatacollective.org/gdmt/application-ld+json>	rdfs:seeAlso	scheme:application-ld+json	_IRI
fdc:application-json	rdfs:seeAlso	scheme:application-json	_IRI
fdc:application-javascript	rdfs:seeAlso	scheme:application-javascript	_IRI
fdc:application-java-byte-code	rdfs:seeAlso	scheme:application-java-byte-code	_IRI
fdc:application-java-archive	rdfs:seeAlso	scheme:application-java-archive	_IRI
fdc:application-java	rdfs:seeAlso	scheme:application-java	_IRI
fdc:application-inf	rdfs:seeAlso	scheme:application-inf	_IRI
fdc:application-iges	rdfs:seeAlso	scheme:application-iges	_IRI
fdc:application-i-deas	rdfs:seeAlso	scheme:application-i-deas	_IRI
fdc:application-hta	rdfs:seeAlso	scheme:application-hta	_IRI
fdc:application-hlp	rdfs:seeAlso	scheme:application-hlp	_IRI
fdc:application-groupwise	rdfs:seeAlso	scheme:application-groupwise	_IRI
fdc:application-gnutar	rdfs:seeAlso	scheme:application-gnutar	_IRI
fdc:application-futuresplash	rdfs:seeAlso	scheme:application-futuresplash	_IRI
fdc:application-freeloader	rdfs:seeAlso	scheme:application-freeloader	_IRI
fdc:application-fractals	rdfs:seeAlso	scheme:application-fractals	_IRI
fdc:application-excel	rdfs:seeAlso	scheme:application-excel	_IRI
<http://fairdatacollective.org/gdmt/application-epub+zip>	rdfs:seeAlso	scheme:application-epub+zip	_IRI
fdc:application-envoy	rdfs:seeAlso	scheme:application-envoy	_IRI
fdc:application-ecmascript	rdfs:seeAlso	scheme:application-ecmascript	_IRI
fdc:application-dxf	rdfs:seeAlso	scheme:application-dxf	_IRI
fdc:application-dsptype	rdfs:seeAlso	scheme:application-dsptype	_IRI
fdc:application-drafting	rdfs:seeAlso	scheme:application-drafting	_IRI
fdc:application-commonground	rdfs:seeAlso	scheme:application-commonground	_IRI
fdc:application-wordperfect6.0	rdfs:seeAlso	scheme:application-wordperfect6.0	_IRI
fdc:application-wordperfect	rdfs:seeAlso	scheme:application-wordperfect	_IRI
fdc:application-vocaltec-media-file	rdfs:seeAlso	scheme:application-vocaltec-media-file	_IRI
fdc:application-vocaltec-media-desc	rdfs:seeAlso	scheme:application-vocaltec-media-desc	_IRI
fdc:application-vnd.xara	rdfs:seeAlso	scheme:application-vnd.xara	_IRI
fdc:application-vnd.wap.wmlscriptc	rdfs:seeAlso	scheme:application-vnd.wap.wmlscriptc	_IRI
fdc:application-vnd.wap.wmlc	rdfs:seeAlso	scheme:application-vnd.wap.wmlc	_IRI
fdc:application-vnd.visio	rdfs:seeAlso	scheme:application-vnd.visio	_IRI
fdc:application-vnd.rn-realplayer	rdfs:seeAlso	scheme:application-vnd.rn-realplayer	_IRI
fdc:application-vnd.rn-realmedia	rdfs:seeAlso	scheme:application-vnd.rn-realmedia	_IRI
fdc:application-vnd.openxmlformats-officedocument.wordprocessingml.document	rdfs:seeAlso	scheme:application-vnd.openxmlformats-officedocument.wordprocessingml.document	_IRI
fdc:application-vnd.openxmlformats-officedocument.spreadsheetml.sheet	rdfs:seeAlso	scheme:application-vnd.openxmlformats-officedocument.spreadsheetml.sheet	_IRI
fdc:application-vnd.openxmlformats-officedocument.presentationml.presentation	rdfs:seeAlso	scheme:application-vnd.openxmlformats-officedocument.presentationml.presentation	_IRI
fdc:application-vnd.oasis.opendocument.text	rdfs:seeAlso	scheme:application-vnd.oasis.opendocument.text	_IRI
fdc:application-vnd.oasis.opendocument.spreadsheet	rdfs:seeAlso	scheme:application-vnd.oasis.opendocument.spreadsheet	_IRI
fdc:application-vnd.oasis.opendocument.presentation	rdfs:seeAlso	scheme:application-vnd.oasis.opendocument.presentation	_IRI
fdc:application-vnd.nokia.ringing-tone	rdfs:seeAlso	scheme:application-vnd.nokia.ringing-tone	_IRI
fdc:application-vnd.nokia.configuration-message	rdfs:seeAlso	scheme:application-vnd.nokia.configuration-message	_IRI
fdc:application-vnd.ms-project	rdfs:seeAlso	scheme:application-vnd.ms-project	_IRI
fdc:application-vnd.ms-powerpoint	rdfs:seeAlso	scheme:application-vnd.ms-powerpoint	_IRI
fdc:application-vnd.ms-pki.stl	rdfs:seeAlso	scheme:application-vnd.ms-pki.stl	_IRI
fdc:application-vnd.ms-pki.seccat	rdfs:seeAlso	scheme:application-vnd.ms-pki.seccat	_IRI
fdc:application-vnd.ms-pki.pko	rdfs:seeAlso	scheme:application-vnd.ms-pki.pko	_IRI
fdc:application-vnd.ms-pki.certstore	rdfs:seeAlso	scheme:application-vnd.ms-pki.certstore	_IRI
fdc:application-vnd.ms-fontobject	rdfs:seeAlso	scheme:application-vnd.ms-fontobject	_IRI
fdc:application-vnd.ms-excel	rdfs:seeAlso	scheme:application-vnd.ms-excel	_IRI
<http://fairdatacollective.org/gdmt/application-vnd.mozilla.xul+xml>	rdfs:seeAlso	scheme:application-vnd.mozilla.xul+xml	_IRI
fdc:application-vnd.hp-pcl	rdfs:seeAlso	scheme:application-vnd.hp-pcl	_IRI
fdc:application-vnd.hp-hpgl	rdfs:seeAlso	scheme:application-vnd.hp-hpgl	_IRI
fdc:application-vnd.fdf	rdfs:seeAlso	scheme:application-vnd.fdf	_IRI
<http://fairdatacollective.org/gdmt/application-vnd.apple.installer+xml>	rdfs:seeAlso	scheme:application-vnd.apple.installer+xml	_IRI
fdc:application-vnd.android.package-archive	rdfs:seeAlso	scheme:application-vnd.android.package-archive	_IRI
fdc:application-vnd.amazon.ebook	rdfs:seeAlso	scheme:application-vnd.amazon.ebook	_IRI
fdc:application-vda	rdfs:seeAlso	scheme:application-vda	_IRI
fdc:application-toolbook	rdfs:seeAlso	scheme:application-toolbook	_IRI
fdc:application-streamingmedia	rdfs:seeAlso	scheme:application-streamingmedia	_IRI
fdc:application-step	rdfs:seeAlso	scheme:application-step	_IRI
fdc:application-sounder	rdfs:seeAlso	scheme:application-sounder	_IRI
fdc:application-solids	rdfs:seeAlso	scheme:application-solids	_IRI
fdc:application-smil	rdfs:seeAlso	scheme:application-smil	_IRI
fdc:application-sla	rdfs:seeAlso	scheme:application-sla	_IRI
fdc:application-set	rdfs:seeAlso	scheme:application-set	_IRI
fdc:application-sea	rdfs:seeAlso	scheme:application-sea	_IRI
fdc:application-sdp	rdfs:seeAlso	scheme:application-sdp	_IRI
fdc:application-rtf	rdfs:seeAlso	scheme:application-rtf	_IRI
fdc:application-ringing-tones	rdfs:seeAlso	scheme:application-ringing-tones	_IRI
fdc:application-pro_eng	rdfs:seeAlso	scheme:application-pro_eng	_IRI
fdc:application-powerpoint	rdfs:seeAlso	scheme:application-powerpoint	_IRI
fdc:application-postscript	rdfs:seeAlso	scheme:application-postscript	_IRI
fdc:application-plain	rdfs:seeAlso	scheme:application-plain	_IRI
fdc:application-x-java-commerce	rdfs:seeAlso	scheme:application-x-java-commerce	_IRI
fdc:application-x-java-class	rdfs:seeAlso	scheme:application-x-java-class	_IRI
fdc:application-x-ip2	rdfs:seeAlso	scheme:application-x-ip2	_IRI
fdc:application-x-inventor	rdfs:seeAlso	scheme:application-x-inventor	_IRI
fdc:application-x-internett-signup	rdfs:seeAlso	scheme:application-x-internett-signup	_IRI
fdc:application-x-ima	rdfs:seeAlso	scheme:application-x-ima	_IRI
fdc:application-x-httpd-imap	rdfs:seeAlso	scheme:application-x-httpd-imap	_IRI
fdc:application-x-helpfile	rdfs:seeAlso	scheme:application-x-helpfile	_IRI
fdc:application-x-hdf	rdfs:seeAlso	scheme:application-x-hdf	_IRI
fdc:application-x-gzip	rdfs:seeAlso	scheme:application-x-gzip	_IRI
fdc:application-x-gtar	rdfs:seeAlso	scheme:application-x-gtar	_IRI
fdc:application-x-gss	rdfs:seeAlso	scheme:application-x-gss	_IRI
fdc:application-x-gsp	rdfs:seeAlso	scheme:application-x-gsp	_IRI
fdc:application-x-freelance	rdfs:seeAlso	scheme:application-x-freelance	_IRI
fdc:application-x-freearc	rdfs:seeAlso	scheme:application-x-freearc	_IRI
fdc:application-x-frame	rdfs:seeAlso	scheme:application-x-frame	_IRI
fdc:application-x-fictionbook	rdfs:seeAlso	scheme:application-x-fictionbook	_IRI
fdc:application-x-excel	rdfs:seeAlso	scheme:application-x-excel	_IRI
fdc:application-x-esrehber	rdfs:seeAlso	scheme:application-x-esrehber	_IRI
fdc:application-x-envoy	rdfs:seeAlso	scheme:application-x-envoy	_IRI
fdc:application-x-elc	rdfs:seeAlso	scheme:application-x-elc	_IRI
fdc:application-x-dvi	rdfs:seeAlso	scheme:application-x-dvi	_IRI
fdc:application-x-director	rdfs:seeAlso	scheme:application-x-director	_IRI
fdc:application-x-deepv	rdfs:seeAlso	scheme:application-x-deepv	_IRI
fdc:application-x-csh	rdfs:seeAlso	scheme:application-x-csh	_IRI
fdc:application-x-cpt	rdfs:seeAlso	scheme:application-x-cpt	_IRI
fdc:application-x-cpio	rdfs:seeAlso	scheme:application-x-cpio	_IRI
fdc:application-x-conference	rdfs:seeAlso	scheme:application-x-conference	_IRI
fdc:application-x-compressed	rdfs:seeAlso	scheme:application-x-compressed	_IRI
fdc:application-x-compress	rdfs:seeAlso	scheme:application-x-compress	_IRI
fdc:application-x-compactpro	rdfs:seeAlso	scheme:application-x-compactpro	_IRI
fdc:application-x-cocoa	rdfs:seeAlso	scheme:application-x-cocoa	_IRI
fdc:application-x-cmu-raster	rdfs:seeAlso	scheme:application-x-cmu-raster	_IRI
fdc:application-x-chat	rdfs:seeAlso	scheme:application-x-chat	_IRI
fdc:application-x-cdlink	rdfs:seeAlso	scheme:application-x-cdlink	_IRI
fdc:application-x-cdf	rdfs:seeAlso	scheme:application-x-cdf	_IRI
fdc:application-x-bzip2	rdfs:seeAlso	scheme:application-x-bzip2	_IRI
fdc:application-x-bzip	rdfs:seeAlso	scheme:application-x-bzip	_IRI
fdc:application-x-bsh	rdfs:seeAlso	scheme:application-x-bsh	_IRI
fdc:application-x-binhex40	rdfs:seeAlso	scheme:application-x-binhex40	_IRI
fdc:application-x-binary	rdfs:seeAlso	scheme:application-x-binary	_IRI
fdc:application-x-bcpio	rdfs:seeAlso	scheme:application-x-bcpio	_IRI
fdc:application-x-authorware-seg	rdfs:seeAlso	scheme:application-x-authorware-seg	_IRI
fdc:application-x-authorware-map	rdfs:seeAlso	scheme:application-x-authorware-map	_IRI
fdc:application-x-authorware-bin	rdfs:seeAlso	scheme:application-x-authorware-bin	_IRI
fdc:application-x-aim	rdfs:seeAlso	scheme:application-x-aim	_IRI
fdc:application-x-abiword	rdfs:seeAlso	scheme:application-x-abiword	_IRI
fdc:application-x-7z-compressed	rdfs:seeAlso	scheme:application-x-7z-compressed	_IRI
fdc:application-x-123	rdfs:seeAlso	scheme:application-x-123	_IRI
fdc:application-wordperfect6.1	rdfs:seeAlso	scheme:application-wordperfect6.1	_IRI
fdc:application-x-seelogo	rdfs:seeAlso	scheme:application-x-seelogo	_IRI
fdc:application-x-sea	rdfs:seeAlso	scheme:application-x-sea	_IRI
fdc:application-x-sdp	rdfs:seeAlso	scheme:application-x-sdp	_IRI
fdc:application-x-rtf	rdfs:seeAlso	scheme:application-x-rtf	_IRI
fdc:application-x-rar-compressed	rdfs:seeAlso	scheme:application-x-rar-compressed	_IRI
fdc:application-x-qpro	rdfs:seeAlso	scheme:application-x-qpro	_IRI
fdc:application-x-project	rdfs:seeAlso	scheme:application-x-project	_IRI
fdc:application-x-portable-anymap	rdfs:seeAlso	scheme:application-x-portable-anymap	_IRI
fdc:application-x-pointplus	rdfs:seeAlso	scheme:application-x-pointplus	_IRI
fdc:application-x-pkcs7-signature	rdfs:seeAlso	scheme:application-x-pkcs7-signature	_IRI
fdc:application-x-pkcs7-mime	rdfs:seeAlso	scheme:application-x-pkcs7-mime	_IRI
fdc:application-x-pkcs7-certreqresp	rdfs:seeAlso	scheme:application-x-pkcs7-certreqresp	_IRI
fdc:application-x-pkcs7-certificates	rdfs:seeAlso	scheme:application-x-pkcs7-certificates	_IRI
fdc:application-x-pkcs12	rdfs:seeAlso	scheme:application-x-pkcs12	_IRI
fdc:application-x-pkcs10	rdfs:seeAlso	scheme:application-x-pkcs10	_IRI
fdc:application-x-pixclscript	rdfs:seeAlso	scheme:application-x-pixclscript	_IRI
fdc:application-x-pcl	rdfs:seeAlso	scheme:application-x-pcl	_IRI
fdc:application-x-pagemaker	rdfs:seeAlso	scheme:application-x-pagemaker	_IRI
fdc:application-x-omcregerator	rdfs:seeAlso	scheme:application-x-omcregerator	_IRI
fdc:application-x-omcdatamaker	rdfs:seeAlso	scheme:application-x-omcdatamaker	_IRI
fdc:application-x-omc	rdfs:seeAlso	scheme:application-x-omc	_IRI
fdc:application-x-nokia-9000-communicator-add-on-software	rdfs:seeAlso	scheme:application-x-nokia-9000-communicator-add-on-software	_IRI
fdc:application-x-newton-compatible-pkg	rdfs:seeAlso	scheme:application-x-newton-compatible-pkg	_IRI
fdc:application-x-netcdf	rdfs:seeAlso	scheme:application-x-netcdf	_IRI
fdc:application-x-navistyle	rdfs:seeAlso	scheme:application-x-navistyle	_IRI
fdc:application-x-navimap	rdfs:seeAlso	scheme:application-x-navimap	_IRI
fdc:application-x-navidoc	rdfs:seeAlso	scheme:application-x-navidoc	_IRI
fdc:application-x-navi-animation	rdfs:seeAlso	scheme:application-x-navi-animation	_IRI
fdc:application-x-mspowerpoint	rdfs:seeAlso	scheme:application-x-mspowerpoint	_IRI
fdc:application-x-msexcel	rdfs:seeAlso	scheme:application-x-msexcel	_IRI
fdc:application-x-mplayer2	rdfs:seeAlso	scheme:application-x-mplayer2	_IRI
fdc:application-x-mix-transfer	rdfs:seeAlso	scheme:application-x-mix-transfer	_IRI
fdc:application-x-mif	rdfs:seeAlso	scheme:application-x-mif	_IRI
fdc:application-x-midi	rdfs:seeAlso	scheme:application-x-midi	_IRI
fdc:application-x-meme	rdfs:seeAlso	scheme:application-x-meme	_IRI
fdc:application-x-mathcad	rdfs:seeAlso	scheme:application-x-mathcad	_IRI
fdc:application-x-magic-cap-package-1.0	rdfs:seeAlso	scheme:application-x-magic-cap-package-1.0	_IRI
fdc:application-x-macbinary	rdfs:seeAlso	scheme:application-x-macbinary	_IRI
fdc:application-x-mac-binhex40	rdfs:seeAlso	scheme:application-x-mac-binhex40	_IRI
fdc:application-x-lzx	rdfs:seeAlso	scheme:application-x-lzx	_IRI
fdc:application-x-lzh	rdfs:seeAlso	scheme:application-x-lzh	_IRI
fdc:application-x-lotusscreencam	rdfs:seeAlso	scheme:application-x-lotusscreencam	_IRI
fdc:application-x-lotus	rdfs:seeAlso	scheme:application-x-lotus	_IRI
fdc:application-x-livescreen	rdfs:seeAlso	scheme:application-x-livescreen	_IRI
fdc:application-x-lisp	rdfs:seeAlso	scheme:application-x-lisp	_IRI
fdc:application-x-lha	rdfs:seeAlso	scheme:application-x-lha	_IRI
fdc:application-x-latex	rdfs:seeAlso	scheme:application-x-latex	_IRI
fdc:application-x-ksh	rdfs:seeAlso	scheme:application-x-ksh	_IRI
fdc:application-x-koan	rdfs:seeAlso	scheme:application-x-koan	_IRI
fdc:application-x-javascript	rdfs:seeAlso	scheme:application-x-javascript	_IRI
fdc:audio-tsplayer	rdfs:seeAlso	scheme:audio-tsplayer	_IRI
fdc:audio-tsp-audio	rdfs:seeAlso	scheme:audio-tsp-audio	_IRI
fdc:audio-s3m	rdfs:seeAlso	scheme:audio-s3m	_IRI
fdc:audio-ogg	rdfs:seeAlso	scheme:audio-ogg	_IRI
fdc:audio-nspaudio	rdfs:seeAlso	scheme:audio-nspaudio	_IRI
fdc:audio-mpeg	rdfs:seeAlso	scheme:audio-mpeg	_IRI
fdc:audio-mp3	rdfs:seeAlso	scheme:audio-mp3	_IRI
fdc:audio-mod	rdfs:seeAlso	scheme:audio-mod	_IRI
fdc:audio-midi	rdfs:seeAlso	scheme:audio-midi	_IRI
fdc:audio-mid	rdfs:seeAlso	scheme:audio-mid	_IRI
fdc:audio-make.my.funk	rdfs:seeAlso	scheme:audio-make.my.funk	_IRI
fdc:audio-make	rdfs:seeAlso	scheme:audio-make	_IRI
fdc:audio-it	rdfs:seeAlso	scheme:audio-it	_IRI
fdc:audio-basic	rdfs:seeAlso	scheme:audio-basic	_IRI
fdc:audio-aiff	rdfs:seeAlso	scheme:audio-aiff	_IRI
fdc:audio-aac	rdfs:seeAlso	scheme:audio-aac	_IRI
fdc:application-zip	rdfs:seeAlso	scheme:application-zip	_IRI
fdc:application-xml	rdfs:seeAlso	scheme:application-xml	_IRI
<http://fairdatacollective.org/gdmt/application-xhtml+xml>	rdfs:seeAlso	scheme:application-xhtml+xml	_IRI
fdc:application-x-x509-user-cert	rdfs:seeAlso	scheme:application-x-x509-user-cert	_IRI
fdc:application-x-x509-ca-cert	rdfs:seeAlso	scheme:application-x-x509-ca-cert	_IRI
fdc:application-x-wri	rdfs:seeAlso	scheme:application-x-wri	_IRI
fdc:application-x-wpwin	rdfs:seeAlso	scheme:application-x-wpwin	_IRI
fdc:application-x-world	rdfs:seeAlso	scheme:application-x-world	_IRI
fdc:application-x-wintalk	rdfs:seeAlso	scheme:application-x-wintalk	_IRI
fdc:application-x-winhelp	rdfs:seeAlso	scheme:application-x-winhelp	_IRI
fdc:application-x-wais-source	rdfs:seeAlso	scheme:application-x-wais-source	_IRI
fdc:application-x-vrml	rdfs:seeAlso	scheme:application-x-vrml	_IRI
fdc:application-x-vnd.ls-xpix	rdfs:seeAlso	scheme:application-x-vnd.ls-xpix	_IRI
fdc:application-x-vnd.audioexplosion.mzz	rdfs:seeAlso	scheme:application-x-vnd.audioexplosion.mzz	_IRI
fdc:application-x-visio	rdfs:seeAlso	scheme:application-x-visio	_IRI
fdc:application-x-ustar	rdfs:seeAlso	scheme:application-x-ustar	_IRI
fdc:application-x-troff-msvideo	rdfs:seeAlso	scheme:application-x-troff-msvideo	_IRI
fdc:application-x-troff-ms	rdfs:seeAlso	scheme:application-x-troff-ms	_IRI
fdc:application-x-troff-me	rdfs:seeAlso	scheme:application-x-troff-me	_IRI
fdc:application-x-troff-man	rdfs:seeAlso	scheme:application-x-troff-man	_IRI
fdc:application-x-troff	rdfs:seeAlso	scheme:application-x-troff	_IRI
fdc:application-x-texinfo	rdfs:seeAlso	scheme:application-x-texinfo	_IRI
fdc:application-x-tex	rdfs:seeAlso	scheme:application-x-tex	_IRI
fdc:application-x-tcl	rdfs:seeAlso	scheme:application-x-tcl	_IRI
fdc:application-x-tbook	rdfs:seeAlso	scheme:application-x-tbook	_IRI
fdc:application-x-tar	rdfs:seeAlso	scheme:application-x-tar	_IRI
fdc:application-x-sv4crc	rdfs:seeAlso	scheme:application-x-sv4crc	_IRI
fdc:application-x-sv4cpio	rdfs:seeAlso	scheme:application-x-sv4cpio	_IRI
fdc:application-x-stuffit	rdfs:seeAlso	scheme:application-x-stuffit	_IRI
fdc:application-x-sprite	rdfs:seeAlso	scheme:application-x-sprite	_IRI
fdc:application-x-sit	rdfs:seeAlso	scheme:application-x-sit	_IRI
fdc:application-x-shockwave-flash	rdfs:seeAlso	scheme:application-x-shockwave-flash	_IRI
fdc:application-x-shar	rdfs:seeAlso	scheme:application-x-shar	_IRI
fdc:application-x-sh	rdfs:seeAlso	scheme:application-x-sh	_IRI
fdc:image-vasa	rdfs:seeAlso	scheme:image-vasa	_IRI
fdc:image-tiff	rdfs:seeAlso	scheme:image-tiff	_IRI
<http://fairdatacollective.org/gdmt/image-svg+xml>	rdfs:seeAlso	scheme:image-svg+xml	_IRI
fdc:image-png	rdfs:seeAlso	scheme:image-png	_IRI
fdc:image-pjpeg	rdfs:seeAlso	scheme:image-pjpeg	_IRI
fdc:image-pict	rdfs:seeAlso	scheme:image-pict	_IRI
fdc:image-naplps	rdfs:seeAlso	scheme:image-naplps	_IRI
fdc:image-jutvision	rdfs:seeAlso	scheme:image-jutvision	_IRI
fdc:image-jpeg	rdfs:seeAlso	scheme:image-jpeg	_IRI
fdc:image-ief	rdfs:seeAlso	scheme:image-ief	_IRI
fdc:image-gif	rdfs:seeAlso	scheme:image-gif	_IRI
fdc:image-g3fax	rdfs:seeAlso	scheme:image-g3fax	_IRI
fdc:image-florian	rdfs:seeAlso	scheme:image-florian	_IRI
fdc:image-fif	rdfs:seeAlso	scheme:image-fif	_IRI
fdc:image-cmu-raster	rdfs:seeAlso	scheme:image-cmu-raster	_IRI
fdc:image-bmp	rdfs:seeAlso	scheme:image-bmp	_IRI
fdc:i-world-i-vrml	rdfs:seeAlso	scheme:i-world-i-vrml	_IRI
fdc:font-woff2	rdfs:seeAlso	scheme:font-woff2	_IRI
fdc:font-woff	rdfs:seeAlso	scheme:font-woff	_IRI
fdc:font-ttf	rdfs:seeAlso	scheme:font-ttf	_IRI
fdc:font-otf	rdfs:seeAlso	scheme:font-otf	_IRI
<http://fairdatacollective.org/gdmt/drawing-x-dwf(old)>	rdfs:seeAlso	scheme:drawing-x-dwf(old)	_IRI
fdc:chemical-x-pdb	rdfs:seeAlso	scheme:chemical-x-pdb	_IRI
fdc:audio-xm	rdfs:seeAlso	scheme:audio-xm	_IRI
fdc:audio-x-wav	rdfs:seeAlso	scheme:audio-x-wav	_IRI
fdc:audio-x-voc	rdfs:seeAlso	scheme:audio-x-voc	_IRI
fdc:audio-x-vnd.audioexplosion.mjuicemediafile	rdfs:seeAlso	scheme:audio-x-vnd.audioexplosion.mjuicemediafile	_IRI
fdc:audio-x-twinvq-plugin	rdfs:seeAlso	scheme:audio-x-twinvq-plugin	_IRI
fdc:audio-x-twinvq	rdfs:seeAlso	scheme:audio-x-twinvq	_IRI
fdc:audio-x-realaudio	rdfs:seeAlso	scheme:audio-x-realaudio	_IRI
fdc:audio-x-psid	rdfs:seeAlso	scheme:audio-x-psid	_IRI
fdc:audio-x-pn-realaudio-plugin	rdfs:seeAlso	scheme:audio-x-pn-realaudio-plugin	_IRI
fdc:audio-x-pn-realaudio	rdfs:seeAlso	scheme:audio-x-pn-realaudio	_IRI
fdc:audio-x-nspaudio	rdfs:seeAlso	scheme:audio-x-nspaudio	_IRI
fdc:audio-x-mpequrl	rdfs:seeAlso	scheme:audio-x-mpequrl	_IRI
fdc:audio-x-mpeg	rdfs:seeAlso	scheme:audio-x-mpeg	_IRI
fdc:audio-x-mod	rdfs:seeAlso	scheme:audio-x-mod	_IRI
fdc:audio-x-midi	rdfs:seeAlso	scheme:audio-x-midi	_IRI
fdc:audio-x-mid	rdfs:seeAlso	scheme:audio-x-mid	_IRI
fdc:audio-x-liveaudio	rdfs:seeAlso	scheme:audio-x-liveaudio	_IRI
fdc:audio-x-jam	rdfs:seeAlso	scheme:audio-x-jam	_IRI
fdc:audio-x-gsm	rdfs:seeAlso	scheme:audio-x-gsm	_IRI
fdc:audio-x-au	rdfs:seeAlso	scheme:audio-x-au	_IRI
fdc:audio-x-aiff	rdfs:seeAlso	scheme:audio-x-aiff	_IRI
fdc:audio-x-adpcm	rdfs:seeAlso	scheme:audio-x-adpcm	_IRI
fdc:audio-webm	rdfs:seeAlso	scheme:audio-webm	_IRI
fdc:audio-wav	rdfs:seeAlso	scheme:audio-wav	_IRI
fdc:audio-voxware	rdfs:seeAlso	scheme:audio-voxware	_IRI
fdc:audio-voc	rdfs:seeAlso	scheme:audio-voc	_IRI
fdc:audio-vnd.qcelp	rdfs:seeAlso	scheme:audio-vnd.qcelp	_IRI
fdc:xgl-movie	rdfs:seeAlso	scheme:xgl-movie	_IRI
fdc:xgl-drawing	rdfs:seeAlso	scheme:xgl-drawing	_IRI
fdc:x-world-x-vrt	rdfs:seeAlso	scheme:x-world-x-vrt	_IRI
fdc:x-world-x-vrml	rdfs:seeAlso	scheme:x-world-x-vrml	_IRI
fdc:x-world-x-svr	rdfs:seeAlso	scheme:x-world-x-svr	_IRI
fdc:x-world-x-3dmf	rdfs:seeAlso	scheme:x-world-x-3dmf	_IRI
fdc:x-music-x-midi	rdfs:seeAlso	scheme:x-music-x-midi	_IRI
fdc:x-conference-x-cooltalk	rdfs:seeAlso	scheme:x-conference-x-cooltalk	_IRI
fdc:www-mime	rdfs:seeAlso	scheme:www-mime	_IRI
fdc:windows-metafile	rdfs:seeAlso	scheme:windows-metafile	_IRI
fdc:video-x-sgi-movie	rdfs:seeAlso	scheme:video-x-sgi-movie	_IRI
fdc:video-x-scm	rdfs:seeAlso	scheme:video-x-scm	_IRI
fdc:video-x-qtc	rdfs:seeAlso	scheme:video-x-qtc	_IRI
fdc:video-x-msvideo	rdfs:seeAlso	scheme:video-x-msvideo	_IRI
fdc:video-x-ms-asf-plugin	rdfs:seeAlso	scheme:video-x-ms-asf-plugin	_IRI
fdc:video-x-ms-asf	rdfs:seeAlso	scheme:video-x-ms-asf	_IRI
fdc:video-x-mpeq2a	rdfs:seeAlso	scheme:video-x-mpeq2a	_IRI
fdc:video-x-mpeg	rdfs:seeAlso	scheme:video-x-mpeg	_IRI
fdc:video-x-motion-jpeg	rdfs:seeAlso	scheme:video-x-motion-jpeg	_IRI
fdc:video-x-isvideo	rdfs:seeAlso	scheme:video-x-isvideo	_IRI
fdc:video-x-gl	rdfs:seeAlso	scheme:video-x-gl	_IRI
fdc:video-x-fli	rdfs:seeAlso	scheme:video-x-fli	_IRI
fdc:video-x-dv	rdfs:seeAlso	scheme:video-x-dv	_IRI
fdc:video-x-dl	rdfs:seeAlso	scheme:video-x-dl	_IRI
fdc:video-x-atomic3d-feature	rdfs:seeAlso	scheme:video-x-atomic3d-feature	_IRI
fdc:video-x-amt-showrun	rdfs:seeAlso	scheme:video-x-amt-showrun	_IRI
fdc:video-x-amt-demorun	rdfs:seeAlso	scheme:video-x-amt-demorun	_IRI
fdc:video-webm	rdfs:seeAlso	scheme:video-webm	_IRI
fdc:video-vosaic	rdfs:seeAlso	scheme:video-vosaic	_IRI
fdc:video-vnd.vivo	rdfs:seeAlso	scheme:video-vnd.vivo	_IRI
fdc:video-vnd.rn-realvideo	rdfs:seeAlso	scheme:video-vnd.rn-realvideo	_IRI
fdc:video-vivo	rdfs:seeAlso	scheme:video-vivo	_IRI
fdc:video-vdo	rdfs:seeAlso	scheme:video-vdo	_IRI
fdc:video-quicktime	rdfs:seeAlso	scheme:video-quicktime	_IRI
fdc:video-ogg	rdfs:seeAlso	scheme:video-ogg	_IRI
fdc:video-msvideo	rdfs:seeAlso	scheme:video-msvideo	_IRI
fdc:video-mpeg	rdfs:seeAlso	scheme:video-mpeg	_IRI
fdc:video-mp4	rdfs:seeAlso	scheme:video-mp4	_IRI
fdc:video-mp2t	rdfs:seeAlso	scheme:video-mp2t	_IRI
fdc:video-gl	rdfs:seeAlso	scheme:video-gl	_IRI
fdc:video-fli	rdfs:seeAlso	scheme:video-fli	_IRI
fdc:video-dl	rdfs:seeAlso	scheme:video-dl	_IRI
fdc:video-avs-video	rdfs:seeAlso	scheme:video-avs-video	_IRI
fdc:video-avi	rdfs:seeAlso	scheme:video-avi	_IRI
fdc:video-animaflex	rdfs:seeAlso	scheme:video-animaflex	_IRI
fdc:video-3gpp2	rdfs:seeAlso	scheme:video-3gpp2	_IRI
fdc:video-3gpp	rdfs:seeAlso	scheme:video-3gpp	_IRI
fdc:text-xml	rdfs:seeAlso	scheme:text-xml	_IRI
fdc:text-x-vcalendar	rdfs:seeAlso	scheme:text-x-vcalendar	_IRI
fdc:text-x-uuencode	rdfs:seeAlso	scheme:text-x-uuencode	_IRI
fdc:text-x-uil	rdfs:seeAlso	scheme:text-x-uil	_IRI
fdc:text-x-speech	rdfs:seeAlso	scheme:text-x-speech	_IRI
fdc:text-x-sgml	rdfs:seeAlso	scheme:text-x-sgml	_IRI
fdc:text-x-setext	rdfs:seeAlso	scheme:text-x-setext	_IRI
fdc:text-x-server-parsed-html	rdfs:seeAlso	scheme:text-x-server-parsed-html	_IRI
fdc:text-x-script.zsh	rdfs:seeAlso	scheme:text-x-script.zsh	_IRI
fdc:text-x-script.tcsh	rdfs:seeAlso	scheme:text-x-script.tcsh	_IRI
fdc:text-x-script.tcl	rdfs:seeAlso	scheme:text-x-script.tcl	_IRI
fdc:text-x-script.sh	rdfs:seeAlso	scheme:text-x-script.sh	_IRI
fdc:text-x-script.scheme	rdfs:seeAlso	scheme:text-x-script.scheme	_IRI
fdc:text-x-script.rexx	rdfs:seeAlso	scheme:text-x-script.rexx	_IRI
fdc:text-x-script.phyton	rdfs:seeAlso	scheme:text-x-script.phyton	_IRI
fdc:text-x-script.perl-module	rdfs:seeAlso	scheme:text-x-script.perl-module	_IRI
fdc:text-x-script.perl	rdfs:seeAlso	scheme:text-x-script.perl	_IRI
fdc:text-x-script.lisp	rdfs:seeAlso	scheme:text-x-script.lisp	_IRI
fdc:text-x-script.ksh	rdfs:seeAlso	scheme:text-x-script.ksh	_IRI
fdc:text-x-script.guile	rdfs:seeAlso	scheme:text-x-script.guile	_IRI
fdc:text-x-script.elisp	rdfs:seeAlso	scheme:text-x-script.elisp	_IRI
fdc:text-x-script.csh	rdfs:seeAlso	scheme:text-x-script.csh	_IRI
fdc:text-x-script	rdfs:seeAlso	scheme:text-x-script	_IRI
fdc:text-x-pascal	rdfs:seeAlso	scheme:text-x-pascal	_IRI
fdc:text-x-m	rdfs:seeAlso	scheme:text-x-m	_IRI
fdc:text-x-la-asf	rdfs:seeAlso	scheme:text-x-la-asf	_IRI
fdc:text-x-java-source	rdfs:seeAlso	scheme:text-x-java-source	_IRI
fdc:text-x-h	rdfs:seeAlso	scheme:text-x-h	_IRI
fdc:text-x-fortran	rdfs:seeAlso	scheme:text-x-fortran	_IRI
fdc:text-x-component	rdfs:seeAlso	scheme:text-x-component	_IRI
fdc:text-x-c	rdfs:seeAlso	scheme:text-x-c	_IRI
fdc:text-x-audiosoft-intra	rdfs:seeAlso	scheme:text-x-audiosoft-intra	_IRI
fdc:text-x-asm	rdfs:seeAlso	scheme:text-x-asm	_IRI
fdc:text-webviewhtml	rdfs:seeAlso	scheme:text-webviewhtml	_IRI
fdc:text-vnd.wap.wmlscript	rdfs:seeAlso	scheme:text-vnd.wap.wmlscript	_IRI
fdc:text-vnd.wap.wml	rdfs:seeAlso	scheme:text-vnd.wap.wml	_IRI
fdc:text-vnd.rn-realtext	rdfs:seeAlso	scheme:text-vnd.rn-realtext	_IRI
fdc:text-vnd.fmi.flexstor	rdfs:seeAlso	scheme:text-vnd.fmi.flexstor	_IRI
fdc:text-vnd.abc	rdfs:seeAlso	scheme:text-vnd.abc	_IRI
fdc:text-uri-list	rdfs:seeAlso	scheme:text-uri-list	_IRI
fdc:text-tab-separated-values	rdfs:seeAlso	scheme:text-tab-separated-values	_IRI
fdc:text-sgml	rdfs:seeAlso	scheme:text-sgml	_IRI
fdc:text-scriplet	rdfs:seeAlso	scheme:text-scriplet	_IRI
fdc:text-richtext	rdfs:seeAlso	scheme:text-richtext	_IRI
fdc:text-plain	rdfs:seeAlso	scheme:text-plain	_IRI
fdc:text-pascal	rdfs:seeAlso	scheme:text-pascal	_IRI
fdc:text-mcf	rdfs:seeAlso	scheme:text-mcf	_IRI
fdc:text-javascript	rdfs:seeAlso	scheme:text-javascript	_IRI
fdc:text-html	rdfs:seeAlso	scheme:text-html	_IRI
fdc:text-fb2	rdfs:seeAlso	scheme:text-fb2	_IRI
fdc:text-ecmascript	rdfs:seeAlso	scheme:text-ecmascript	_IRI
fdc:text-csv	rdfs:seeAlso	scheme:text-csv	_IRI
fdc:text-css	rdfs:seeAlso	scheme:text-css	_IRI
fdc:text-calendar	rdfs:seeAlso	scheme:text-calendar	_IRI
fdc:text-asp	rdfs:seeAlso	scheme:text-asp	_IRI
fdc:paleovu-x-pv	rdfs:seeAlso	scheme:paleovu-x-pv	_IRI
fdc:music-x-karaoke	rdfs:seeAlso	scheme:music-x-karaoke	_IRI
fdc:music-crescendo	rdfs:seeAlso	scheme:music-crescendo	_IRI
fdc:multipart-x-ustar	rdfs:seeAlso	scheme:multipart-x-ustar	_IRI
fdc:multipart-x-gzip	rdfs:seeAlso	scheme:multipart-x-gzip	_IRI
fdc:model-x-pov	rdfs:seeAlso	scheme:model-x-pov	_IRI
fdc:model-vrml	rdfs:seeAlso	scheme:model-vrml	_IRI
fdc:model-vnd.dwf	rdfs:seeAlso	scheme:model-vnd.dwf	_IRI
fdc:model-iges	rdfs:seeAlso	scheme:model-iges	_IRI
fdc:message-rfc822	rdfs:seeAlso	scheme:message-rfc822	_IRI
fdc:image-xpm	rdfs:seeAlso	scheme:image-xpm	_IRI
fdc:image-xbm	rdfs:seeAlso	scheme:image-xbm	_IRI
fdc:image-x-xwindowdump	rdfs:seeAlso	scheme:image-x-xwindowdump	_IRI
fdc:image-x-xwd	rdfs:seeAlso	scheme:image-x-xwd	_IRI
fdc:image-x-xpixmap	rdfs:seeAlso	scheme:image-x-xpixmap	_IRI
fdc:image-x-xbm	rdfs:seeAlso	scheme:image-x-xbm	_IRI
fdc:image-x-xbitmap	rdfs:seeAlso	scheme:image-x-xbitmap	_IRI
fdc:image-x-windows-bmp	rdfs:seeAlso	scheme:image-x-windows-bmp	_IRI
fdc:image-x-tiff	rdfs:seeAlso	scheme:image-x-tiff	_IRI
fdc:image-x-rgb	rdfs:seeAlso	scheme:image-x-rgb	_IRI
fdc:image-x-quicktime	rdfs:seeAlso	scheme:image-x-quicktime	_IRI
fdc:image-x-portable-pixmap	rdfs:seeAlso	scheme:image-x-portable-pixmap	_IRI
fdc:image-x-portable-greymap	rdfs:seeAlso	scheme:image-x-portable-greymap	_IRI
fdc:image-x-portable-graymap	rdfs:seeAlso	scheme:image-x-portable-graymap	_IRI
fdc:image-x-portable-bitmap	rdfs:seeAlso	scheme:image-x-portable-bitmap	_IRI
fdc:image-x-portable-anymap	rdfs:seeAlso	scheme:image-x-portable-anymap	_IRI
fdc:image-x-pict	rdfs:seeAlso	scheme:image-x-pict	_IRI
fdc:image-x-pcx	rdfs:seeAlso	scheme:image-x-pcx	_IRI
fdc:image-x-niff	rdfs:seeAlso	scheme:image-x-niff	_IRI
fdc:image-x-jps	rdfs:seeAlso	scheme:image-x-jps	_IRI
fdc:image-x-jg	rdfs:seeAlso	scheme:image-x-jg	_IRI
fdc:image-x-icon	rdfs:seeAlso	scheme:image-x-icon	_IRI
fdc:image-x-dwg	rdfs:seeAlso	scheme:image-x-dwg	_IRI
fdc:image-x-cmu-raster	rdfs:seeAlso	scheme:image-x-cmu-raster	_IRI
fdc:image-webp	rdfs:seeAlso	scheme:image-webp	_IRI
fdc:image-vnd.xiff	rdfs:seeAlso	scheme:image-vnd.xiff	_IRI
fdc:image-vnd.wap.wbmp	rdfs:seeAlso	scheme:image-vnd.wap.wbmp	_IRI
fdc:image-vnd.rn-realpix	rdfs:seeAlso	scheme:image-vnd.rn-realpix	_IRI
fdc:image-vnd.rn-realflash	rdfs:seeAlso	scheme:image-vnd.rn-realflash	_IRI
fdc:image-vnd.net-fpx	rdfs:seeAlso	scheme:image-vnd.net-fpx	_IRI
fdc:image-vnd.microsoft.icon	rdfs:seeAlso	scheme:image-vnd.microsoft.icon	_IRI
fdc:image-vnd.fpx	rdfs:seeAlso	scheme:image-vnd.fpx	_IRI
fdc:image-vnd.dwg	rdfs:seeAlso	scheme:image-vnd.dwg	_IRI
fdc:image-vnd.djvu	rdfs:seeAlso	scheme:image-vnd.djvu	_IRI
