scheme:RelatedPerson	skos:exactMatch	fdc:RelatedPerson	_IRI
scheme:RegistrationAuthority	skos:exactMatch	fdc:RegistrationAuthority	_IRI
scheme:RegistrationAgency	skos:exactMatch	fdc:RegistrationAgency	_IRI
scheme:ProjectMember	skos:exactMatch	fdc:ProjectMember	_IRI
scheme:ProjectManager	skos:exactMatch	fdc:ProjectManager	_IRI
scheme:ProjectLeader	skos:exactMatch	fdc:ProjectLeader	_IRI
scheme:Producer	skos:exactMatch	fdc:Producer	_IRI
scheme:HostingInstitution	skos:exactMatch	fdc:HostingInstitution	_IRI
scheme:Editor	skos:exactMatch	fdc:Editor	_IRI
scheme:Distributor	skos:exactMatch	fdc:Distributor	_IRI
scheme:DataManager	skos:exactMatch	fdc:DataManager	_IRI
scheme:DataCurator	skos:exactMatch	fdc:DataCurator	_IRI
scheme:DataCollector	skos:exactMatch	fdc:DataCollector	_IRI
scheme:ContactPerson	skos:exactMatch	fdc:ContactPerson	_IRI
scheme:ContributorRole	skos:exactMatch	fdc:ContributorRole	_IRI
scheme:OtherResource	skos:exactMatch	fdc:OtherResource	_IRI
scheme:Workflow	skos:exactMatch	fdc:Workflow	_IRI
scheme:Text	skos:exactMatch	fdc:Text	_IRI
scheme:Sound	skos:exactMatch	fdc:Sound	_IRI
scheme:Software	skos:exactMatch	fdc:Software	_IRI
scheme:Service	skos:exactMatch	fdc:Service	_IRI
scheme:PhysicalObject	skos:exactMatch	fdc:PhysicalObject	_IRI
scheme:Model	skos:exactMatch	fdc:Model	_IRI
scheme:InteractiveResource	skos:exactMatch	fdc:InteractiveResource	_IRI
scheme:Image	skos:exactMatch	fdc:Image	_IRI
scheme:Event	skos:exactMatch	fdc:Event	_IRI
scheme:DataStream	skos:exactMatch	fdc:DataStream	_IRI
scheme:Dataset	skos:exactMatch	fdc:Dataset	_IRI
scheme:DataCatalog	skos:exactMatch	fdc:DataCatalog	_IRI
scheme:DataPaper	skos:exactMatch	fdc:DataPaper	_IRI
scheme:Collection	skos:exactMatch	fdc:Collection	_IRI
scheme:Audiovisual	skos:exactMatch	fdc:Audiovisual	_IRI
scheme:ResourceTypeCategory	skos:exactMatch	fdc:ResourceTypeCategory	_IRI
scheme:RelationType	skos:exactMatch	fdc:RelationType	_IRI
scheme:IRI	skos:exactMatch	fdc:IRI	_IRI
scheme:w3id	skos:exactMatch	fdc:w3id	_IRI
scheme:URN	skos:exactMatch	fdc:URN	_IRI
scheme:URL	skos:exactMatch	fdc:URL	_IRI
scheme:URI	skos:exactMatch	fdc:URI	_IRI
scheme:UPC	skos:exactMatch	fdc:UPC	_IRI
scheme:PURL	skos:exactMatch	fdc:PURL	_IRI
scheme:PMID	skos:exactMatch	fdc:PMID	_IRI
scheme:LSID	skos:exactMatch	fdc:LSID	_IRI
scheme:LISSN	skos:exactMatch	fdc:LISSN	_IRI
scheme:ISTC	skos:exactMatch	fdc:ISTC	_IRI
scheme:ISSN	skos:exactMatch	fdc:ISSN	_IRI
scheme:ISBN	skos:exactMatch	fdc:ISBN	_IRI
scheme:IGSN	skos:exactMatch	fdc:IGSN	_IRI
scheme:Handle	skos:exactMatch	fdc:Handle	_IRI
scheme:EISSN	skos:exactMatch	fdc:EISSN	_IRI
scheme:EAN13	skos:exactMatch	fdc:EAN13	_IRI
scheme:DOI	skos:exactMatch	fdc:DOI	_IRI
scheme:bibcode	skos:exactMatch	fdc:bibcode	_IRI
scheme:arXiv	skos:exactMatch	fdc:arXiv	_IRI
scheme:ARK	skos:exactMatch	fdc:ARK	_IRI
scheme:IdentifierType	skos:exactMatch	fdc:IdentifierType	_IRI
scheme:Withdrawn	skos:exactMatch	fdc:Withdrawn	_IRI
scheme:Valid	skos:exactMatch	fdc:Valid	_IRI
scheme:Updated	skos:exactMatch	fdc:Updated	_IRI
scheme:Submitted	skos:exactMatch	fdc:Submitted	_IRI
scheme:Issued	skos:exactMatch	fdc:Issued	_IRI
scheme:Created	skos:exactMatch	fdc:Created	_IRI
scheme:Collected	skos:exactMatch	fdc:Collected	_IRI
scheme:Copyrighted	skos:exactMatch	fdc:Copyrighted	_IRI
scheme:Available	skos:exactMatch	fdc:Available	_IRI
scheme:Accepted	skos:exactMatch	fdc:Accepted	_IRI
scheme:Published	skos:exactMatch	fdc:Published	_IRI
scheme:DateType	skos:exactMatch	fdc:DateType	_IRI
scheme:OtherRole	skos:exactMatch	fdc:OtherRole	_IRI
scheme:WorkPackageLeader	skos:exactMatch	fdc:WorkPackageLeader	_IRI
scheme:Supervisor	skos:exactMatch	fdc:Supervisor	_IRI
scheme:Sponsor	skos:exactMatch	fdc:Sponsor	_IRI
scheme:RightsHolder	skos:exactMatch	fdc:RightsHolder	_IRI
scheme:ResearchGroup	skos:exactMatch	fdc:ResearchGroup	_IRI
scheme:Researcher	skos:exactMatch	fdc:Researcher	_IRI
scheme:LicenseIdentifier	skos:exactMatch	fdc:LicenseIdentifier	_IRI
<https://isni.org>	skos:exactMatch	<https://isni.org/page/what-is-isni/>	_IRI
scheme:IdentifierScheme	skos:exactMatch	fdc:IdentifierScheme	_IRI
scheme:Organization	skos:exactMatch	<https://en.wikipedia.org/wiki/Organization>	_IRI
scheme:Organization	skos:exactMatch	fdc:Organization	_IRI
scheme:Person	skos:exactMatch	<https://en.wikipedia.org/wiki/Person>	_IRI
scheme:Person	skos:exactMatch	fdc:Person	_IRI
scheme:ResourceCreatorType	skos:exactMatch	fdc:ResourceCreatorType	_IRI
scheme:IsObsoletedBy	skos:exactMatch	fdc:IsObsoletedBy	_IRI
scheme:Obsoletes	skos:exactMatch	fdc:Obsoletes	_IRI
scheme:Requires	skos:exactMatch	fdc:Requires	_IRI
scheme:IsRequiredBy	skos:exactMatch	fdc:IsRequiredBy	_IRI
scheme:IsSourceOf	skos:exactMatch	fdc:IsSourceOf	_IRI
scheme:IsDerivedFrom	skos:exactMatch	fdc:IsDerivedFrom	_IRI
scheme:Reviews	skos:exactMatch	fdc:Reviews	_IRI
scheme:IsReviewedBy	skos:exactMatch	fdc:IsReviewedBy	_IRI
scheme:IsIdenticalTo	skos:exactMatch	fdc:IsIdenticalTo	_IRI
scheme:IsOriginalFormOf	skos:exactMatch	fdc:IsOriginalFormOf	_IRI
scheme:IsVariantFormOf	skos:exactMatch	fdc:IsVariantFormOf	_IRI
scheme:Compiles	skos:exactMatch	fdc:Compiles	_IRI
scheme:IsCompiledBy	skos:exactMatch	fdc:IsCompiledBy	_IRI
scheme:Documents	skos:exactMatch	fdc:Documents	_IRI
scheme:IsDocumentedBy	skos:exactMatch	fdc:IsDocumentedBy	_IRI
scheme:References	skos:exactMatch	fdc:References	_IRI
scheme:IsReferencedBy	skos:exactMatch	fdc:IsReferencedBy	_IRI
scheme:HasPart	skos:exactMatch	fdc:HasPart	_IRI
scheme:IsPartOf	skos:exactMatch	fdc:IsPartOf	_IRI
scheme:IsPreviousVersionOf	skos:exactMatch	fdc:IsPreviousVersionOf	_IRI
scheme:IsNewVersionOf	skos:exactMatch	fdc:IsNewVersionOf	_IRI
scheme:IsVersionOf	skos:exactMatch	fdc:IsVersionOf	_IRI
scheme:HasVersion	skos:exactMatch	fdc:HasVersion	_IRI
scheme:IsMetadataFor	skos:exactMatch	fdc:IsMetadataFor	_IRI
scheme:HasMetadata	skos:exactMatch	fdc:HasMetadata	_IRI
scheme:IsDescribedBy	skos:exactMatch	fdc:IsDescribedBy	_IRI
scheme:Describes	skos:exactMatch	fdc:Describes	_IRI
scheme:Continues	skos:exactMatch	fdc:Continues	_IRI
scheme:IsContinuedBy	skos:exactMatch	fdc:IsContinuedBy	_IRI
scheme:IsSupplementedBy	skos:exactMatch	fdc:IsSupplementedBy	_IRI
scheme:IsSupplementTo	skos:exactMatch	fdc:IsSupplementTo	_IRI
scheme:Cites	skos:exactMatch	fdc:Cites	_IRI
scheme:IsCitedBy	skos:exactMatch	fdc:IsCitedBy	_IRI
scheme:AFL1.1	skos:exactMatch	<https://spdx.org/licenses/AFL-1.1>	_IRI
scheme:AFL1.1	skos:exactMatch	fdc:AFL1.1	_IRI
scheme:ADSL	skos:exactMatch	<https://spdx.org/licenses/ADSL>	_IRI
scheme:ADSL	skos:exactMatch	fdc:ADSL	_IRI
scheme:AdobeGlyph	skos:exactMatch	<https://spdx.org/licenses/Adobe-Glyph>	_IRI
scheme:AdobeGlyph	skos:exactMatch	fdc:AdobeGlyph	_IRI
scheme:Adobe2006	skos:exactMatch	<https://spdx.org/licenses/Adobe-2006>	_IRI
scheme:Adobe2006	skos:exactMatch	fdc:Adobe2006	_IRI
scheme:Abstyles	skos:exactMatch	<https://spdx.org/licenses/Abstyles>	_IRI
scheme:Abstyles	skos:exactMatch	fdc:Abstyles	_IRI
scheme:AAL	skos:exactMatch	<https://spdx.org/licenses/AAL>	_IRI
scheme:AAL	skos:exactMatch	fdc:AAL	_IRI
scheme:0BSD	skos:exactMatch	<https://spdx.org/licenses/0BSD>	_IRI
scheme:0BSD	skos:exactMatch	fdc:0BSD	_IRI
scheme:BSD3ClauseAttribution	skos:exactMatch	fdc:BSD3ClauseAttribution	_IRI
scheme:BSD3Clause	skos:exactMatch	<https://spdx.org/licenses/BSD-3-Clause>	_IRI
scheme:BSD3Clause	skos:exactMatch	fdc:BSD3Clause	_IRI
scheme:BSD2ClauseViews	skos:exactMatch	<https://spdx.org/licenses/BSD-2-Clause-Views>	_IRI
scheme:BSD2ClauseViews	skos:exactMatch	fdc:BSD2ClauseViews	_IRI
scheme:BSD2ClausePatent	skos:exactMatch	<https://spdx.org/licenses/BSD-2-Clause-Patent>	_IRI
scheme:BSD2ClausePatent	skos:exactMatch	fdc:BSD2ClausePatent	_IRI
scheme:BSD2Clause	skos:exactMatch	<https://spdx.org/licenses/BSD-2-Clause>	_IRI
scheme:BSD2Clause	skos:exactMatch	fdc:BSD2Clause	_IRI
scheme:BSD1Clause	skos:exactMatch	<https://spdx.org/licenses/BSD-1-Clause>	_IRI
scheme:BSD1Clause	skos:exactMatch	fdc:BSD1Clause	_IRI
scheme:Borceux	skos:exactMatch	<https://spdx.org/licenses/Borceux>	_IRI
scheme:Borceux	skos:exactMatch	fdc:Borceux	_IRI
scheme:BlueOak1.0.0	skos:exactMatch	<https://spdx.org/licenses/BlueOak-1.0.0>	_IRI
scheme:BlueOak1.0.0	skos:exactMatch	fdc:BlueOak1.0.0	_IRI
scheme:blessing	skos:exactMatch	<https://spdx.org/licenses/blessing>	_IRI
scheme:blessing	skos:exactMatch	fdc:blessing	_IRI
scheme:BitTorrent1.1	skos:exactMatch	<https://spdx.org/licenses/BitTorrent-1.1>	_IRI
scheme:BitTorrent1.1	skos:exactMatch	fdc:BitTorrent1.1	_IRI
scheme:BitTorrent1.0	skos:exactMatch	<https://spdx.org/licenses/BitTorrent-1.0>	_IRI
scheme:BitTorrent1.0	skos:exactMatch	fdc:BitTorrent1.0	_IRI
scheme:Beerware	skos:exactMatch	<https://spdx.org/licenses/Beerware>	_IRI
scheme:Beerware	skos:exactMatch	fdc:Beerware	_IRI
scheme:Barr	skos:exactMatch	<https://spdx.org/licenses/Barr>	_IRI
scheme:Barr	skos:exactMatch	fdc:Barr	_IRI
scheme:Bahyph	skos:exactMatch	<https://spdx.org/licenses/Bahyph>	_IRI
scheme:Bahyph	skos:exactMatch	fdc:Bahyph	_IRI
scheme:Artistic2.0	skos:exactMatch	<https://spdx.org/licenses/Artistic-2.0>	_IRI
scheme:Artistic2.0	skos:exactMatch	fdc:Artistic2.0	_IRI
scheme:Artistic1.0Perl	skos:exactMatch	<https://spdx.org/licenses/Artistic-1.0-Perl>	_IRI
scheme:Artistic1.0Perl	skos:exactMatch	fdc:Artistic1.0Perl	_IRI
scheme:Artistic1.0cl8	skos:exactMatch	<https://spdx.org/licenses/Artistic-1.0-cl8>	_IRI
scheme:Artistic1.0cl8	skos:exactMatch	fdc:Artistic1.0cl8	_IRI
scheme:Artistic1.0	skos:exactMatch	<https://spdx.org/licenses/Artistic-1.0>	_IRI
scheme:Artistic1.0	skos:exactMatch	fdc:Artistic1.0	_IRI
scheme:APSL2.0	skos:exactMatch	<https://spdx.org/licenses/APSL-2.0>	_IRI
scheme:APSL2.0	skos:exactMatch	fdc:APSL2.0	_IRI
scheme:APSL1.2	skos:exactMatch	<https://spdx.org/licenses/APSL-1.2>	_IRI
scheme:APSL1.2	skos:exactMatch	fdc:APSL1.2	_IRI
scheme:APSL1.1	skos:exactMatch	<https://spdx.org/licenses/APSL-1.1>	_IRI
scheme:APSL1.1	skos:exactMatch	fdc:APSL1.1	_IRI
scheme:APSL1.0	skos:exactMatch	<https://spdx.org/licenses/APSL-1.0>	_IRI
scheme:APSL1.0	skos:exactMatch	fdc:APSL1.0	_IRI
scheme:APL1.0	skos:exactMatch	<https://spdx.org/licenses/APL-1.0>	_IRI
scheme:APL1.0	skos:exactMatch	fdc:APL1.0	_IRI
scheme:APAFML	skos:exactMatch	<https://spdx.org/licenses/APAFML>	_IRI
scheme:APAFML	skos:exactMatch	fdc:APAFML	_IRI
scheme:Apache2.0	skos:exactMatch	<https://spdx.org/licenses/Apache-2.0>	_IRI
scheme:Apache2.0	skos:exactMatch	fdc:Apache2.0	_IRI
scheme:Apache1.1	skos:exactMatch	<https://spdx.org/licenses/Apache-1.1>	_IRI
scheme:Apache1.1	skos:exactMatch	fdc:Apache1.1	_IRI
scheme:Apache1.0	skos:exactMatch	<https://spdx.org/licenses/Apache-1.0>	_IRI
scheme:Apache1.0	skos:exactMatch	fdc:Apache1.0	_IRI
scheme:ANTLRPDfallback	skos:exactMatch	<https://spdx.org/licenses/ANTLR-PD-fallback>	_IRI
scheme:ANTLRPDfallback	skos:exactMatch	fdc:ANTLRPDfallback	_IRI
scheme:ANTLRPD	skos:exactMatch	<https://spdx.org/licenses/ANTLR-PD>	_IRI
scheme:ANTLRPD	skos:exactMatch	fdc:ANTLRPD	_IRI
scheme:AMPAS	skos:exactMatch	<https://spdx.org/licenses/AMPAS>	_IRI
scheme:AMPAS	skos:exactMatch	fdc:AMPAS	_IRI
scheme:AML	skos:exactMatch	<https://spdx.org/licenses/AML>	_IRI
scheme:AML	skos:exactMatch	fdc:AML	_IRI
scheme:AMDPLPA	skos:exactMatch	<https://spdx.org/licenses/AMDPLPA>	_IRI
scheme:AMDPLPA	skos:exactMatch	fdc:AMDPLPA	_IRI
scheme:Aladdin	skos:exactMatch	<https://spdx.org/licenses/Aladdin>	_IRI
scheme:Aladdin	skos:exactMatch	fdc:Aladdin	_IRI
scheme:AGPL3.0orlater	skos:exactMatch	<https://spdx.org/licenses/AGPL-3.0-or-later>	_IRI
scheme:AGPL3.0orlater	skos:exactMatch	fdc:AGPL3.0orlater	_IRI
scheme:AGPL3.0only	skos:exactMatch	<https://spdx.org/licenses/AGPL-3.0-only>	_IRI
scheme:AGPL3.0only	skos:exactMatch	fdc:AGPL3.0only	_IRI
scheme:AGPL1.0orlater	skos:exactMatch	<https://spdx.org/licenses/AGPL-1.0-or-later>	_IRI
scheme:AGPL1.0orlater	skos:exactMatch	fdc:AGPL1.0orlater	_IRI
scheme:AGPL1.0only	skos:exactMatch	<https://spdx.org/licenses/AGPL-1.0-only>	_IRI
scheme:AGPL1.0only	skos:exactMatch	fdc:AGPL1.0only	_IRI
scheme:Afmparse	skos:exactMatch	<https://spdx.org/licenses/Afmparse>	_IRI
scheme:Afmparse	skos:exactMatch	fdc:Afmparse	_IRI
scheme:AFL3.0	skos:exactMatch	<https://spdx.org/licenses/AFL-3.0>	_IRI
scheme:AFL3.0	skos:exactMatch	fdc:AFL3.0	_IRI
scheme:AFL2.1	skos:exactMatch	<https://spdx.org/licenses/AFL-2.1>	_IRI
scheme:AFL2.1	skos:exactMatch	fdc:AFL2.1	_IRI
scheme:AFL2.0	skos:exactMatch	<https://spdx.org/licenses/AFL-2.0>	_IRI
scheme:AFL2.0	skos:exactMatch	fdc:AFL2.0	_IRI
scheme:AFL1.2	skos:exactMatch	<https://spdx.org/licenses/AFL-1.2>	_IRI
scheme:AFL1.2	skos:exactMatch	fdc:AFL1.2	_IRI
scheme:CCBYNCSA4.0	skos:exactMatch	<https://spdx.org/licenses/CC-BY-NC-SA-4.0>	_IRI
scheme:CCBYNCSA4.0	skos:exactMatch	fdc:CCBYNCSA4.0	_IRI
scheme:CCBYNCSA3.0	skos:exactMatch	<https://spdx.org/licenses/CC-BY-NC-SA-3.0>	_IRI
scheme:CCBYNCSA3.0	skos:exactMatch	fdc:CCBYNCSA3.0	_IRI
scheme:CCBYNCSA2.5	skos:exactMatch	<https://spdx.org/licenses/CC-BY-NC-SA-2.5>	_IRI
scheme:CCBYNCSA2.5	skos:exactMatch	fdc:CCBYNCSA2.5	_IRI
scheme:CCBYNCSA2.0	skos:exactMatch	<https://spdx.org/licenses/CC-BY-NC-SA-2.0>	_IRI
scheme:CCBYNCSA2.0	skos:exactMatch	fdc:CCBYNCSA2.0	_IRI
scheme:CCBYNCSA1.0	skos:exactMatch	<https://spdx.org/licenses/CC-BY-NC-SA-1.0>	_IRI
scheme:CCBYNCSA1.0	skos:exactMatch	fdc:CCBYNCSA1.0	_IRI
scheme:CCBYNCND4.0	skos:exactMatch	<https://spdx.org/licenses/CC-BY-NC-ND-4.0>	_IRI
scheme:CCBYNCND4.0	skos:exactMatch	fdc:CCBYNCND4.0	_IRI
scheme:CCBYNCND3.0IGO	skos:exactMatch	<https://spdx.org/licenses/CC-BY-NC-ND-3.0-IGO>	_IRI
scheme:CCBYNCND3.0IGO	skos:exactMatch	fdc:CCBYNCND3.0IGO	_IRI
scheme:CCBYNCND3.0	skos:exactMatch	<https://spdx.org/licenses/CC-BY-NC-ND-3.0>	_IRI
scheme:CCBYNCND3.0	skos:exactMatch	fdc:CCBYNCND3.0	_IRI
scheme:CCBYNCND2.5	skos:exactMatch	<https://spdx.org/licenses/CC-BY-NC-ND-2.5>	_IRI
scheme:CCBYNCND2.5	skos:exactMatch	fdc:CCBYNCND2.5	_IRI
scheme:CCBYNCND2.0	skos:exactMatch	<https://spdx.org/licenses/CC-BY-NC-ND-2.0>	_IRI
scheme:CCBYNCND2.0	skos:exactMatch	fdc:CCBYNCND2.0	_IRI
scheme:CCBYNCND1.0	skos:exactMatch	<https://spdx.org/licenses/CC-BY-NC-ND-1.0>	_IRI
scheme:CCBYNCND1.0	skos:exactMatch	fdc:CCBYNCND1.0	_IRI
scheme:CCBYNC4.0	skos:exactMatch	<https://spdx.org/licenses/CC-BY-NC-4.0>	_IRI
scheme:CCBYNC4.0	skos:exactMatch	fdc:CCBYNC4.0	_IRI
scheme:CCBYNC3.0	skos:exactMatch	<https://spdx.org/licenses/CC-BY-NC-3.0>	_IRI
scheme:CCBYNC3.0	skos:exactMatch	fdc:CCBYNC3.0	_IRI
scheme:CCBYNC2.5	skos:exactMatch	<https://spdx.org/licenses/CC-BY-NC-2.5>	_IRI
scheme:CCBYNC2.5	skos:exactMatch	fdc:CCBYNC2.5	_IRI
scheme:CCBYNC2.0	skos:exactMatch	<https://spdx.org/licenses/CC-BY-NC-2.0>	_IRI
scheme:CCBYNC2.0	skos:exactMatch	fdc:CCBYNC2.0	_IRI
scheme:CCBYNC1.0	skos:exactMatch	<https://spdx.org/licenses/CC-BY-NC-1.0>	_IRI
scheme:CCBYNC1.0	skos:exactMatch	fdc:CCBYNC1.0	_IRI
scheme:CCBY4.0	skos:exactMatch	<https://spdx.org/licenses/CC-BY-4.0>	_IRI
scheme:CCBY4.0	skos:exactMatch	fdc:CCBY4.0	_IRI
scheme:CCBY3.0US	skos:exactMatch	<https://spdx.org/licenses/CC-BY-3.0-US>	_IRI
scheme:CCBY3.0US	skos:exactMatch	fdc:CCBY3.0US	_IRI
scheme:CCBY3.0AT	skos:exactMatch	<https://spdx.org/licenses/CC-BY-3.0-AT>	_IRI
scheme:CCBY3.0AT	skos:exactMatch	fdc:CCBY3.0AT	_IRI
scheme:CCBY3.0	skos:exactMatch	<https://spdx.org/licenses/CC-BY-3.0>	_IRI
scheme:CCBY3.0	skos:exactMatch	fdc:CCBY3.0	_IRI
scheme:CCBY2.5	skos:exactMatch	<https://spdx.org/licenses/CC-BY-2.5>	_IRI
scheme:CCBY2.5	skos:exactMatch	fdc:CCBY2.5	_IRI
scheme:CCBY2.0	skos:exactMatch	<https://spdx.org/licenses/CC-BY-2.0>	_IRI
scheme:CCBY2.0	skos:exactMatch	fdc:CCBY2.0	_IRI
scheme:CCBY1.0	skos:exactMatch	<https://spdx.org/licenses/CC-BY-1.0>	_IRI
scheme:CCBY1.0	skos:exactMatch	fdc:CCBY1.0	_IRI
scheme:CATOSL1.1	skos:exactMatch	<https://spdx.org/licenses/CATOSL-1.1>	_IRI
scheme:CATOSL1.1	skos:exactMatch	fdc:CATOSL1.1	_IRI
scheme:Caldera	skos:exactMatch	<https://spdx.org/licenses/Caldera>	_IRI
scheme:Caldera	skos:exactMatch	fdc:Caldera	_IRI
scheme:CAL1.0CombinedWorkException	skos:exactMatch	<https://spdx.org/licenses/CAL-1.0-Combined-Work-Exception>	_IRI
scheme:CAL1.0CombinedWorkException	skos:exactMatch	fdc:CAL1.0CombinedWorkException	_IRI
scheme:CAL1.0	skos:exactMatch	<https://spdx.org/licenses/CAL-1.0>	_IRI
scheme:CAL1.0	skos:exactMatch	fdc:CAL1.0	_IRI
scheme:bzip21.0.6	skos:exactMatch	<https://spdx.org/licenses/bzip2-1.0.6>	_IRI
scheme:bzip21.0.6	skos:exactMatch	fdc:bzip21.0.6	_IRI
scheme:bzip21.0.5	skos:exactMatch	<https://spdx.org/licenses/bzip2-1.0.5>	_IRI
scheme:bzip21.0.5	skos:exactMatch	fdc:bzip21.0.5	_IRI
scheme:BUSL1.1	skos:exactMatch	<https://spdx.org/licenses/BUSL-1.1>	_IRI
scheme:BUSL1.1	skos:exactMatch	fdc:BUSL1.1	_IRI
scheme:BSL1.0	skos:exactMatch	<https://spdx.org/licenses/BSL-1.0>	_IRI
scheme:BSL1.0	skos:exactMatch	fdc:BSL1.0	_IRI
scheme:BSDSourceCode	skos:exactMatch	<https://spdx.org/licenses/BSD-Source-Code>	_IRI
scheme:BSDSourceCode	skos:exactMatch	fdc:BSDSourceCode	_IRI
scheme:BSDProtection	skos:exactMatch	<https://spdx.org/licenses/BSD-Protection>	_IRI
scheme:BSDProtection	skos:exactMatch	fdc:BSDProtection	_IRI
scheme:BSD4ClauseUC	skos:exactMatch	<https://spdx.org/licenses/BSD-4-Clause-UC>	_IRI
scheme:BSD4ClauseUC	skos:exactMatch	fdc:BSD4ClauseUC	_IRI
scheme:BSD4Clause	skos:exactMatch	<https://spdx.org/licenses/BSD-4-Clause>	_IRI
scheme:BSD4Clause	skos:exactMatch	fdc:BSD4Clause	_IRI
scheme:BSD3ClauseOpenMPI	skos:exactMatch	<https://spdx.org/licenses/BSD-3-Clause-Open-MPI>	_IRI
scheme:BSD3ClauseOpenMPI	skos:exactMatch	fdc:BSD3ClauseOpenMPI	_IRI
scheme:BSD3ClauseNoNuclearWarranty	skos:exactMatch	<https://spdx.org/licenses/BSD-3-Clause-No-Nuclear-Warranty>	_IRI
scheme:BSD3ClauseNoNuclearWarranty	skos:exactMatch	fdc:BSD3ClauseNoNuclearWarranty	_IRI
scheme:BSD3ClauseNoNuclearLicense2014	skos:exactMatch	<https://spdx.org/licenses/BSD-3-Clause-No-Nuclear-License-2014>	_IRI
scheme:BSD3ClauseNoNuclearLicense2014	skos:exactMatch	fdc:BSD3ClauseNoNuclearLicense2014	_IRI
scheme:BSD3ClauseNoNuclearLicense	skos:exactMatch	<https://spdx.org/licenses/BSD-3-Clause-No-Nuclear-License>	_IRI
scheme:BSD3ClauseNoNuclearLicense	skos:exactMatch	fdc:BSD3ClauseNoNuclearLicense	_IRI
scheme:BSD3ClauseLBNL	skos:exactMatch	<https://spdx.org/licenses/BSD-3-Clause-LBNL>	_IRI
scheme:BSD3ClauseLBNL	skos:exactMatch	fdc:BSD3ClauseLBNL	_IRI
scheme:BSD3ClauseClear	skos:exactMatch	<https://spdx.org/licenses/BSD-3-Clause-Clear>	_IRI
scheme:BSD3ClauseClear	skos:exactMatch	fdc:BSD3ClauseClear	_IRI
scheme:BSD3ClauseAttribution	skos:exactMatch	<https://spdx.org/licenses/BSD-3-Clause-Attribution>	_IRI
scheme:CUAOPL1.0	skos:exactMatch	<https://spdx.org/licenses/CUA-OPL-1.0>	_IRI
scheme:CUAOPL1.0	skos:exactMatch	fdc:CUAOPL1.0	_IRI
scheme:CrystalStacker	skos:exactMatch	<https://spdx.org/licenses/CrystalStacker>	_IRI
scheme:CrystalStacker	skos:exactMatch	fdc:CrystalStacker	_IRI
scheme:Crossword	skos:exactMatch	<https://spdx.org/licenses/Crossword>	_IRI
scheme:Crossword	skos:exactMatch	fdc:Crossword	_IRI
scheme:CPOL1.02	skos:exactMatch	<https://spdx.org/licenses/CPOL-1.02>	_IRI
scheme:CPOL1.02	skos:exactMatch	fdc:CPOL1.02	_IRI
scheme:CPL1.0	skos:exactMatch	<https://spdx.org/licenses/CPL-1.0>	_IRI
scheme:CPL1.0	skos:exactMatch	fdc:CPL1.0	_IRI
scheme:CPAL1.0	skos:exactMatch	<https://spdx.org/licenses/CPAL-1.0>	_IRI
scheme:CPAL1.0	skos:exactMatch	fdc:CPAL1.0	_IRI
scheme:copyleftnext0.3.1	skos:exactMatch	<https://spdx.org/licenses/copyleft-next-0.3.1>	_IRI
scheme:copyleftnext0.3.1	skos:exactMatch	fdc:copyleftnext0.3.1	_IRI
scheme:copyleftnext0.3.0	skos:exactMatch	<https://spdx.org/licenses/copyleft-next-0.3.0>	_IRI
scheme:copyleftnext0.3.0	skos:exactMatch	fdc:copyleftnext0.3.0	_IRI
scheme:Condor1.1	skos:exactMatch	<https://spdx.org/licenses/Condor-1.1>	_IRI
scheme:Condor1.1	skos:exactMatch	fdc:Condor1.1	_IRI
scheme:CNRIPythonGPLCompatible	skos:exactMatch	<https://spdx.org/licenses/CNRI-Python-GPL-Compatible>	_IRI
scheme:CNRIPythonGPLCompatible	skos:exactMatch	fdc:CNRIPythonGPLCompatible	_IRI
scheme:CNRIPython	skos:exactMatch	<https://spdx.org/licenses/CNRI-Python>	_IRI
scheme:CNRIPython	skos:exactMatch	fdc:CNRIPython	_IRI
scheme:CNRIJython	skos:exactMatch	<https://spdx.org/licenses/CNRI-Jython>	_IRI
scheme:CNRIJython	skos:exactMatch	fdc:CNRIJython	_IRI
scheme:ClArtistic	skos:exactMatch	<https://spdx.org/licenses/ClArtistic>	_IRI
scheme:ClArtistic	skos:exactMatch	fdc:ClArtistic	_IRI
scheme:CERNOHLW2.0	skos:exactMatch	<https://spdx.org/licenses/CERN-OHL-W-2.0>	_IRI
scheme:CERNOHLW2.0	skos:exactMatch	fdc:CERNOHLW2.0	_IRI
scheme:CERNOHLS2.0	skos:exactMatch	<https://spdx.org/licenses/CERN-OHL-S-2.0>	_IRI
scheme:CERNOHLS2.0	skos:exactMatch	fdc:CERNOHLS2.0	_IRI
scheme:CERNOHLP2.0	skos:exactMatch	<https://spdx.org/licenses/CERN-OHL-P-2.0>	_IRI
scheme:CERNOHLP2.0	skos:exactMatch	fdc:CERNOHLP2.0	_IRI
scheme:CERNOHL1.2	skos:exactMatch	<https://spdx.org/licenses/CERN-OHL-1.2>	_IRI
scheme:CERNOHL1.2	skos:exactMatch	fdc:CERNOHL1.2	_IRI
scheme:CERNOHL1.1	skos:exactMatch	<https://spdx.org/licenses/CERN-OHL-1.1>	_IRI
scheme:CERNOHL1.1	skos:exactMatch	fdc:CERNOHL1.1	_IRI
scheme:CECILLC	skos:exactMatch	<https://spdx.org/licenses/CECILL-C>	_IRI
scheme:CECILLC	skos:exactMatch	fdc:CECILLC	_IRI
scheme:CECILLB	skos:exactMatch	<https://spdx.org/licenses/CECILL-B>	_IRI
scheme:CECILLB	skos:exactMatch	fdc:CECILLB	_IRI
scheme:CECILL2.1	skos:exactMatch	<https://spdx.org/licenses/CECILL-2.1>	_IRI
scheme:CECILL2.1	skos:exactMatch	fdc:CECILL2.1	_IRI
scheme:CECILL2.0	skos:exactMatch	<https://spdx.org/licenses/CECILL-2.0>	_IRI
scheme:CECILL2.0	skos:exactMatch	fdc:CECILL2.0	_IRI
scheme:CECILL1.1	skos:exactMatch	<https://spdx.org/licenses/CECILL-1.1>	_IRI
scheme:CECILL1.1	skos:exactMatch	fdc:CECILL1.1	_IRI
scheme:CECILL1.0	skos:exactMatch	<https://spdx.org/licenses/CECILL-1.0>	_IRI
scheme:CECILL1.0	skos:exactMatch	fdc:CECILL1.0	_IRI
scheme:CDLASharing1.0	skos:exactMatch	<https://spdx.org/licenses/CDLA-Sharing-1.0>	_IRI
scheme:CDLASharing1.0	skos:exactMatch	fdc:CDLASharing1.0	_IRI
scheme:CDLAPermissive1.0	skos:exactMatch	<https://spdx.org/licenses/CDLA-Permissive-1.0>	_IRI
scheme:CDLAPermissive1.0	skos:exactMatch	fdc:CDLAPermissive1.0	_IRI
scheme:CDDL1.1	skos:exactMatch	<https://spdx.org/licenses/CDDL-1.1>	_IRI
scheme:CDDL1.1	skos:exactMatch	fdc:CDDL1.1	_IRI
scheme:CDDL1.0	skos:exactMatch	<https://spdx.org/licenses/CDDL-1.0>	_IRI
scheme:CDDL1.0	skos:exactMatch	fdc:CDDL1.0	_IRI
scheme:CC01.0	skos:exactMatch	<https://spdx.org/licenses/CC0-1.0>	_IRI
scheme:CC01.0	skos:exactMatch	fdc:CC01.0	_IRI
scheme:CCPDDC	skos:exactMatch	<https://spdx.org/licenses/CC-PDDC>	_IRI
scheme:CCPDDC	skos:exactMatch	fdc:CCPDDC	_IRI
scheme:CCBYSA4.0	skos:exactMatch	<https://spdx.org/licenses/CC-BY-SA-4.0>	_IRI
scheme:CCBYSA4.0	skos:exactMatch	fdc:CCBYSA4.0	_IRI
scheme:CCBYSA3.0AT	skos:exactMatch	<https://spdx.org/licenses/CC-BY-SA-3.0-AT>	_IRI
scheme:CCBYSA3.0AT	skos:exactMatch	fdc:CCBYSA3.0AT	_IRI
scheme:CCBYSA3.0	skos:exactMatch	<https://spdx.org/licenses/CC-BY-SA-3.0>	_IRI
scheme:CCBYSA3.0	skos:exactMatch	fdc:CCBYSA3.0	_IRI
scheme:CCBYSA2.5	skos:exactMatch	<https://spdx.org/licenses/CC-BY-SA-2.5>	_IRI
scheme:CCBYSA2.5	skos:exactMatch	fdc:CCBYSA2.5	_IRI
scheme:CCBYSA2.0UK	skos:exactMatch	<https://spdx.org/licenses/CC-BY-SA-2.0-UK>	_IRI
scheme:CCBYSA2.0UK	skos:exactMatch	fdc:CCBYSA2.0UK	_IRI
scheme:CCBYSA2.0	skos:exactMatch	<https://spdx.org/licenses/CC-BY-SA-2.0>	_IRI
scheme:CCBYSA2.0	skos:exactMatch	fdc:CCBYSA2.0	_IRI
scheme:CCBYSA1.0	skos:exactMatch	<https://spdx.org/licenses/CC-BY-SA-1.0>	_IRI
scheme:CCBYSA1.0	skos:exactMatch	fdc:CCBYSA1.0	_IRI
scheme:CCBYND4.0	skos:exactMatch	<https://spdx.org/licenses/CC-BY-ND-4.0>	_IRI
scheme:CCBYND4.0	skos:exactMatch	fdc:CCBYND4.0	_IRI
scheme:CCBYND3.0	skos:exactMatch	<https://spdx.org/licenses/CC-BY-ND-3.0>	_IRI
scheme:CCBYND3.0	skos:exactMatch	fdc:CCBYND3.0	_IRI
scheme:CCBYND2.5	skos:exactMatch	<https://spdx.org/licenses/CC-BY-ND-2.5>	_IRI
scheme:CCBYND2.5	skos:exactMatch	fdc:CCBYND2.5	_IRI
scheme:CCBYND2.0	skos:exactMatch	<https://spdx.org/licenses/CC-BY-ND-2.0>	_IRI
scheme:CCBYND2.0	skos:exactMatch	fdc:CCBYND2.0	_IRI
scheme:CCBYND1.0	skos:exactMatch	<https://spdx.org/licenses/CC-BY-ND-1.0>	_IRI
scheme:CCBYND1.0	skos:exactMatch	fdc:CCBYND1.0	_IRI
scheme:GFDL1.2only	skos:exactMatch	fdc:GFDL1.2only	_IRI
scheme:GFDL1.2noinvariantsorlater	skos:exactMatch	<https://spdx.org/licenses/GFDL-1.2-no-invariants-or-later>	_IRI
scheme:GFDL1.2noinvariantsorlater	skos:exactMatch	fdc:GFDL1.2noinvariantsorlater	_IRI
scheme:GFDL1.2noinvariantsonly	skos:exactMatch	<https://spdx.org/licenses/GFDL-1.2-no-invariants-only>	_IRI
scheme:GFDL1.2noinvariantsonly	skos:exactMatch	fdc:GFDL1.2noinvariantsonly	_IRI
scheme:GFDL1.2invariantsorlater	skos:exactMatch	<https://spdx.org/licenses/GFDL-1.2-invariants-or-later>	_IRI
scheme:GFDL1.2invariantsorlater	skos:exactMatch	fdc:GFDL1.2invariantsorlater	_IRI
scheme:GFDL1.2invariantsonly	skos:exactMatch	<https://spdx.org/licenses/GFDL-1.2-invariants-only>	_IRI
scheme:GFDL1.2invariantsonly	skos:exactMatch	fdc:GFDL1.2invariantsonly	_IRI
scheme:GFDL1.1orlater	skos:exactMatch	<https://spdx.org/licenses/GFDL-1.1-or-later>	_IRI
scheme:GFDL1.1orlater	skos:exactMatch	fdc:GFDL1.1orlater	_IRI
scheme:GFDL1.1only	skos:exactMatch	<https://spdx.org/licenses/GFDL-1.1-only>	_IRI
scheme:GFDL1.1only	skos:exactMatch	fdc:GFDL1.1only	_IRI
scheme:GFDL1.1noinvariantsorlater	skos:exactMatch	<https://spdx.org/licenses/GFDL-1.1-no-invariants-or-later>	_IRI
scheme:GFDL1.1noinvariantsorlater	skos:exactMatch	fdc:GFDL1.1noinvariantsorlater	_IRI
scheme:GFDL1.1noinvariantsonly	skos:exactMatch	<https://spdx.org/licenses/GFDL-1.1-no-invariants-only>	_IRI
scheme:GFDL1.1noinvariantsonly	skos:exactMatch	fdc:GFDL1.1noinvariantsonly	_IRI
scheme:GFDL1.1invariantsorlater	skos:exactMatch	<https://spdx.org/licenses/GFDL-1.1-invariants-or-later>	_IRI
scheme:GFDL1.1invariantsorlater	skos:exactMatch	fdc:GFDL1.1invariantsorlater	_IRI
scheme:GFDL1.1invariantsonly	skos:exactMatch	<https://spdx.org/licenses/GFDL-1.1-invariants-only>	_IRI
scheme:GFDL1.1invariantsonly	skos:exactMatch	fdc:GFDL1.1invariantsonly	_IRI
scheme:FTL	skos:exactMatch	<https://spdx.org/licenses/FTL>	_IRI
scheme:FTL	skos:exactMatch	fdc:FTL	_IRI
scheme:FSFULLR	skos:exactMatch	<https://spdx.org/licenses/FSFULLR>	_IRI
scheme:FSFULLR	skos:exactMatch	fdc:FSFULLR	_IRI
scheme:FSFUL	skos:exactMatch	<https://spdx.org/licenses/FSFUL>	_IRI
scheme:FSFUL	skos:exactMatch	fdc:FSFUL	_IRI
scheme:FSFAP	skos:exactMatch	<https://spdx.org/licenses/FSFAP>	_IRI
scheme:FSFAP	skos:exactMatch	fdc:FSFAP	_IRI
scheme:FreeImage	skos:exactMatch	<https://spdx.org/licenses/FreeImage>	_IRI
scheme:FreeImage	skos:exactMatch	fdc:FreeImage	_IRI
scheme:Frameworx1.0	skos:exactMatch	<https://spdx.org/licenses/Frameworx-1.0>	_IRI
scheme:Frameworx1.0	skos:exactMatch	fdc:Frameworx1.0	_IRI
scheme:Fair	skos:exactMatch	<https://spdx.org/licenses/Fair>	_IRI
scheme:Fair	skos:exactMatch	fdc:Fair	_IRI
scheme:Eurosym	skos:exactMatch	<https://spdx.org/licenses/Eurosym>	_IRI
scheme:Eurosym	skos:exactMatch	fdc:Eurosym	_IRI
scheme:EUPL1.2	skos:exactMatch	<https://spdx.org/licenses/EUPL-1.2>	_IRI
scheme:EUPL1.2	skos:exactMatch	fdc:EUPL1.2	_IRI
scheme:EUPL1.1	skos:exactMatch	<https://spdx.org/licenses/EUPL-1.1>	_IRI
scheme:EUPL1.1	skos:exactMatch	fdc:EUPL1.1	_IRI
scheme:EUPL1.0	skos:exactMatch	<https://spdx.org/licenses/EUPL-1.0>	_IRI
scheme:EUPL1.0	skos:exactMatch	fdc:EUPL1.0	_IRI
scheme:EUDatagrid	skos:exactMatch	<https://spdx.org/licenses/EUDatagrid>	_IRI
scheme:EUDatagrid	skos:exactMatch	fdc:EUDatagrid	_IRI
scheme:etalab2.0	skos:exactMatch	<https://spdx.org/licenses/etalab-2.0>	_IRI
scheme:etalab2.0	skos:exactMatch	fdc:etalab2.0	_IRI
scheme:ErlPL1.1	skos:exactMatch	<https://spdx.org/licenses/ErlPL-1.1>	_IRI
scheme:ErlPL1.1	skos:exactMatch	fdc:ErlPL1.1	_IRI
scheme:EPL2.0	skos:exactMatch	<https://spdx.org/licenses/EPL-2.0>	_IRI
scheme:EPL2.0	skos:exactMatch	fdc:EPL2.0	_IRI
scheme:EPL1.0	skos:exactMatch	<https://spdx.org/licenses/EPL-1.0>	_IRI
scheme:EPL1.0	skos:exactMatch	fdc:EPL1.0	_IRI
scheme:EPICS	skos:exactMatch	<https://spdx.org/licenses/EPICS>	_IRI
scheme:EPICS	skos:exactMatch	fdc:EPICS	_IRI
scheme:Entessa	skos:exactMatch	<https://spdx.org/licenses/Entessa>	_IRI
scheme:Entessa	skos:exactMatch	fdc:Entessa	_IRI
scheme:eGenix	skos:exactMatch	<https://spdx.org/licenses/eGenix>	_IRI
scheme:eGenix	skos:exactMatch	fdc:eGenix	_IRI
scheme:EFL2.0	skos:exactMatch	<https://spdx.org/licenses/EFL-2.0>	_IRI
scheme:EFL2.0	skos:exactMatch	fdc:EFL2.0	_IRI
scheme:EFL1.0	skos:exactMatch	<https://spdx.org/licenses/EFL-1.0>	_IRI
scheme:EFL1.0	skos:exactMatch	fdc:EFL1.0	_IRI
scheme:ECL2.0	skos:exactMatch	<https://spdx.org/licenses/ECL-2.0>	_IRI
scheme:ECL2.0	skos:exactMatch	fdc:ECL2.0	_IRI
scheme:ECL1.0	skos:exactMatch	<https://spdx.org/licenses/ECL-1.0>	_IRI
scheme:ECL1.0	skos:exactMatch	fdc:ECL1.0	_IRI
scheme:dvipdfm	skos:exactMatch	<https://spdx.org/licenses/dvipdfm>	_IRI
scheme:dvipdfm	skos:exactMatch	fdc:dvipdfm	_IRI
scheme:DSDP	skos:exactMatch	<https://spdx.org/licenses/DSDP>	_IRI
scheme:DSDP	skos:exactMatch	fdc:DSDP	_IRI
scheme:Dotseqn	skos:exactMatch	<https://spdx.org/licenses/Dotseqn>	_IRI
scheme:Dotseqn	skos:exactMatch	fdc:Dotseqn	_IRI
scheme:DOC	skos:exactMatch	<https://spdx.org/licenses/DOC>	_IRI
scheme:DOC	skos:exactMatch	fdc:DOC	_IRI
scheme:diffmark	skos:exactMatch	<https://spdx.org/licenses/diffmark>	_IRI
scheme:diffmark	skos:exactMatch	fdc:diffmark	_IRI
scheme:DFSL1.0	skos:exactMatch	<https://spdx.org/licenses/D-FSL-1.0>	_IRI
scheme:DFSL1.0	skos:exactMatch	fdc:DFSL1.0	_IRI
scheme:curl	skos:exactMatch	<https://spdx.org/licenses/curl>	_IRI
scheme:curl	skos:exactMatch	fdc:curl	_IRI
scheme:Cube	skos:exactMatch	<https://spdx.org/licenses/Cube>	_IRI
scheme:Cube	skos:exactMatch	fdc:Cube	_IRI
scheme:JSON	skos:exactMatch	<https://spdx.org/licenses/JSON>	_IRI
scheme:JSON	skos:exactMatch	fdc:JSON	_IRI
scheme:JPNIC	skos:exactMatch	<https://spdx.org/licenses/JPNIC>	_IRI
scheme:JPNIC	skos:exactMatch	fdc:JPNIC	_IRI
scheme:JasPer2.0	skos:exactMatch	<https://spdx.org/licenses/JasPer-2.0>	_IRI
scheme:JasPer2.0	skos:exactMatch	fdc:JasPer2.0	_IRI
scheme:ISC	skos:exactMatch	<https://spdx.org/licenses/ISC>	_IRI
scheme:ISC	skos:exactMatch	fdc:ISC	_IRI
scheme:IPL1.0	skos:exactMatch	<https://spdx.org/licenses/IPL-1.0>	_IRI
scheme:IPL1.0	skos:exactMatch	fdc:IPL1.0	_IRI
scheme:IPA	skos:exactMatch	<https://spdx.org/licenses/IPA>	_IRI
scheme:IPA	skos:exactMatch	fdc:IPA	_IRI
scheme:Interbase1.0	skos:exactMatch	<https://spdx.org/licenses/Interbase-1.0>	_IRI
scheme:Interbase1.0	skos:exactMatch	fdc:Interbase1.0	_IRI
scheme:IntelACPI	skos:exactMatch	<https://spdx.org/licenses/Intel-ACPI>	_IRI
scheme:IntelACPI	skos:exactMatch	fdc:IntelACPI	_IRI
scheme:Intel	skos:exactMatch	<https://spdx.org/licenses/Intel>	_IRI
scheme:Intel	skos:exactMatch	fdc:Intel	_IRI
scheme:InfoZIP	skos:exactMatch	<https://spdx.org/licenses/Info-ZIP>	_IRI
scheme:InfoZIP	skos:exactMatch	fdc:InfoZIP	_IRI
scheme:Imlib2	skos:exactMatch	<https://spdx.org/licenses/Imlib2>	_IRI
scheme:Imlib2	skos:exactMatch	fdc:Imlib2	_IRI
scheme:iMatix	skos:exactMatch	<https://spdx.org/licenses/iMatix>	_IRI
scheme:iMatix	skos:exactMatch	fdc:iMatix	_IRI
scheme:ImageMagick	skos:exactMatch	<https://spdx.org/licenses/ImageMagick>	_IRI
scheme:ImageMagick	skos:exactMatch	fdc:ImageMagick	_IRI
scheme:IJG	skos:exactMatch	<https://spdx.org/licenses/IJG>	_IRI
scheme:IJG	skos:exactMatch	fdc:IJG	_IRI
scheme:ICU	skos:exactMatch	<https://spdx.org/licenses/ICU>	_IRI
scheme:ICU	skos:exactMatch	fdc:ICU	_IRI
scheme:IBMpibs	skos:exactMatch	<https://spdx.org/licenses/IBM-pibs>	_IRI
scheme:IBMpibs	skos:exactMatch	fdc:IBMpibs	_IRI
scheme:HTMLTIDY	skos:exactMatch	<https://spdx.org/licenses/HTMLTIDY>	_IRI
scheme:HTMLTIDY	skos:exactMatch	fdc:HTMLTIDY	_IRI
scheme:HPNDsellvariant	skos:exactMatch	<https://spdx.org/licenses/HPND-sell-variant>	_IRI
scheme:HPNDsellvariant	skos:exactMatch	fdc:HPNDsellvariant	_IRI
scheme:HPND	skos:exactMatch	<https://spdx.org/licenses/HPND>	_IRI
scheme:HPND	skos:exactMatch	fdc:HPND	_IRI
scheme:Hippocratic2.1	skos:exactMatch	<https://spdx.org/licenses/Hippocratic-2.1>	_IRI
scheme:Hippocratic2.1	skos:exactMatch	fdc:Hippocratic2.1	_IRI
scheme:HaskellReport	skos:exactMatch	<https://spdx.org/licenses/HaskellReport>	_IRI
scheme:HaskellReport	skos:exactMatch	fdc:HaskellReport	_IRI
scheme:gSOAP1.3b	skos:exactMatch	<https://spdx.org/licenses/gSOAP-1.3b>	_IRI
scheme:gSOAP1.3b	skos:exactMatch	fdc:gSOAP1.3b	_IRI
scheme:GPL3.0orlater	skos:exactMatch	<https://spdx.org/licenses/GPL-3.0-or-later>	_IRI
scheme:GPL3.0orlater	skos:exactMatch	fdc:GPL3.0orlater	_IRI
scheme:GPL3.0only	skos:exactMatch	<https://spdx.org/licenses/GPL-3.0-only>	_IRI
scheme:GPL3.0only	skos:exactMatch	fdc:GPL3.0only	_IRI
scheme:GPL2.0orlater	skos:exactMatch	<https://spdx.org/licenses/GPL-2.0-or-later>	_IRI
scheme:GPL2.0orlater	skos:exactMatch	fdc:GPL2.0orlater	_IRI
scheme:GPL2.0only	skos:exactMatch	<https://spdx.org/licenses/GPL-2.0-only>	_IRI
scheme:GPL2.0only	skos:exactMatch	fdc:GPL2.0only	_IRI
scheme:GPL1.0orlater	skos:exactMatch	<https://spdx.org/licenses/GPL-1.0-or-later>	_IRI
scheme:GPL1.0orlater	skos:exactMatch	fdc:GPL1.0orlater	_IRI
scheme:GPL1.0only	skos:exactMatch	<https://spdx.org/licenses/GPL-1.0-only>	_IRI
scheme:GPL1.0only	skos:exactMatch	fdc:GPL1.0only	_IRI
scheme:gnuplot	skos:exactMatch	<https://spdx.org/licenses/gnuplot>	_IRI
scheme:gnuplot	skos:exactMatch	fdc:gnuplot	_IRI
scheme:GLWTPL	skos:exactMatch	<https://spdx.org/licenses/GLWTPL>	_IRI
scheme:GLWTPL	skos:exactMatch	fdc:GLWTPL	_IRI
scheme:Glulxe	skos:exactMatch	<https://spdx.org/licenses/Glulxe>	_IRI
scheme:Glulxe	skos:exactMatch	fdc:Glulxe	_IRI
scheme:Glide	skos:exactMatch	<https://spdx.org/licenses/Glide>	_IRI
scheme:Glide	skos:exactMatch	fdc:Glide	_IRI
scheme:GL2PS	skos:exactMatch	<https://spdx.org/licenses/GL2PS>	_IRI
scheme:GL2PS	skos:exactMatch	fdc:GL2PS	_IRI
scheme:Giftware	skos:exactMatch	<https://spdx.org/licenses/Giftware>	_IRI
scheme:Giftware	skos:exactMatch	fdc:Giftware	_IRI
scheme:GFDL1.3orlater	skos:exactMatch	<https://spdx.org/licenses/GFDL-1.3-or-later>	_IRI
scheme:GFDL1.3orlater	skos:exactMatch	fdc:GFDL1.3orlater	_IRI
scheme:GFDL1.3only	skos:exactMatch	<https://spdx.org/licenses/GFDL-1.3-only>	_IRI
scheme:GFDL1.3only	skos:exactMatch	fdc:GFDL1.3only	_IRI
scheme:GFDL1.3noinvariantsorlater	skos:exactMatch	<https://spdx.org/licenses/GFDL-1.3-no-invariants-or-later>	_IRI
scheme:GFDL1.3noinvariantsorlater	skos:exactMatch	fdc:GFDL1.3noinvariantsorlater	_IRI
scheme:GFDL1.3noinvariantsonly	skos:exactMatch	<https://spdx.org/licenses/GFDL-1.3-no-invariants-only>	_IRI
scheme:GFDL1.3noinvariantsonly	skos:exactMatch	fdc:GFDL1.3noinvariantsonly	_IRI
scheme:GFDL1.3invariantsorlater	skos:exactMatch	<https://spdx.org/licenses/GFDL-1.3-invariants-or-later>	_IRI
scheme:GFDL1.3invariantsorlater	skos:exactMatch	fdc:GFDL1.3invariantsorlater	_IRI
scheme:GFDL1.3invariantsonly	skos:exactMatch	<https://spdx.org/licenses/GFDL-1.3-invariants-only>	_IRI
scheme:GFDL1.3invariantsonly	skos:exactMatch	fdc:GFDL1.3invariantsonly	_IRI
scheme:GFDL1.2orlater	skos:exactMatch	<https://spdx.org/licenses/GFDL-1.2-or-later>	_IRI
scheme:GFDL1.2orlater	skos:exactMatch	fdc:GFDL1.2orlater	_IRI
scheme:GFDL1.2only	skos:exactMatch	<https://spdx.org/licenses/GFDL-1.2-only>	_IRI
scheme:MPL2.0nocopyleftexception	skos:exactMatch	<https://spdx.org/licenses/MPL-2.0-no-copyleft-exception>	_IRI
scheme:MPL2.0nocopyleftexception	skos:exactMatch	fdc:MPL2.0nocopyleftexception	_IRI
scheme:MPL2.0	skos:exactMatch	<https://spdx.org/licenses/MPL-2.0>	_IRI
scheme:MPL2.0	skos:exactMatch	fdc:MPL2.0	_IRI
scheme:MPL1.1	skos:exactMatch	<https://spdx.org/licenses/MPL-1.1>	_IRI
scheme:MPL1.1	skos:exactMatch	fdc:MPL1.1	_IRI
scheme:MPL1.0	skos:exactMatch	<https://spdx.org/licenses/MPL-1.0>	_IRI
scheme:MPL1.0	skos:exactMatch	fdc:MPL1.0	_IRI
scheme:mpich2	skos:exactMatch	<https://spdx.org/licenses/mpich2>	_IRI
scheme:mpich2	skos:exactMatch	fdc:mpich2	_IRI
scheme:Motosoto	skos:exactMatch	<https://spdx.org/licenses/Motosoto>	_IRI
scheme:Motosoto	skos:exactMatch	fdc:Motosoto	_IRI
scheme:MITNFA	skos:exactMatch	<https://spdx.org/licenses/MITNFA>	_IRI
scheme:MITNFA	skos:exactMatch	fdc:MITNFA	_IRI
scheme:MITopengroup	skos:exactMatch	<https://spdx.org/licenses/MIT-open-group>	_IRI
scheme:MITopengroup	skos:exactMatch	fdc:MITopengroup	_IRI
scheme:MITfeh	skos:exactMatch	<https://spdx.org/licenses/MIT-feh>	_IRI
scheme:MITfeh	skos:exactMatch	fdc:MITfeh	_IRI
scheme:MITenna	skos:exactMatch	<https://spdx.org/licenses/MIT-enna>	_IRI
scheme:MITenna	skos:exactMatch	fdc:MITenna	_IRI
scheme:MITCMU	skos:exactMatch	<https://spdx.org/licenses/MIT-CMU>	_IRI
scheme:MITCMU	skos:exactMatch	fdc:MITCMU	_IRI
scheme:MITadvertising	skos:exactMatch	<https://spdx.org/licenses/MIT-advertising>	_IRI
scheme:MITadvertising	skos:exactMatch	fdc:MITadvertising	_IRI
scheme:MIT0	skos:exactMatch	<https://spdx.org/licenses/MIT-0>	_IRI
scheme:MIT0	skos:exactMatch	fdc:MIT0	_IRI
scheme:MIT	skos:exactMatch	<https://spdx.org/licenses/MIT>	_IRI
scheme:MIT	skos:exactMatch	fdc:MIT	_IRI
scheme:MirOS	skos:exactMatch	<https://spdx.org/licenses/MirOS>	_IRI
scheme:MirOS	skos:exactMatch	fdc:MirOS	_IRI
scheme:MakeIndex	skos:exactMatch	<https://spdx.org/licenses/MakeIndex>	_IRI
scheme:MakeIndex	skos:exactMatch	fdc:MakeIndex	_IRI
scheme:LPPL1.3c	skos:exactMatch	<https://spdx.org/licenses/LPPL-1.3c>	_IRI
scheme:LPPL1.3c	skos:exactMatch	fdc:LPPL1.3c	_IRI
scheme:LPPL1.3a	skos:exactMatch	<https://spdx.org/licenses/LPPL-1.3a>	_IRI
scheme:LPPL1.3a	skos:exactMatch	fdc:LPPL1.3a	_IRI
scheme:LPPL1.2	skos:exactMatch	<https://spdx.org/licenses/LPPL-1.2>	_IRI
scheme:LPPL1.2	skos:exactMatch	fdc:LPPL1.2	_IRI
scheme:LPPL1.1	skos:exactMatch	<https://spdx.org/licenses/LPPL-1.1>	_IRI
scheme:LPPL1.1	skos:exactMatch	fdc:LPPL1.1	_IRI
scheme:LPPL1.0	skos:exactMatch	<https://spdx.org/licenses/LPPL-1.0>	_IRI
scheme:LPPL1.0	skos:exactMatch	fdc:LPPL1.0	_IRI
scheme:LPL1.02	skos:exactMatch	<https://spdx.org/licenses/LPL-1.02>	_IRI
scheme:LPL1.02	skos:exactMatch	fdc:LPL1.02	_IRI
scheme:LPL1.0	skos:exactMatch	<https://spdx.org/licenses/LPL-1.0>	_IRI
scheme:LPL1.0	skos:exactMatch	fdc:LPL1.0	_IRI
scheme:LinuxOpenIB	skos:exactMatch	<https://spdx.org/licenses/Linux-OpenIB>	_IRI
scheme:LinuxOpenIB	skos:exactMatch	fdc:LinuxOpenIB	_IRI
scheme:LiLiQRplus1.1	skos:exactMatch	<https://spdx.org/licenses/LiLiQ-Rplus-1.1>	_IRI
scheme:LiLiQRplus1.1	skos:exactMatch	fdc:LiLiQRplus1.1	_IRI
scheme:LiLiQR1.1	skos:exactMatch	<https://spdx.org/licenses/LiLiQ-R-1.1>	_IRI
scheme:LiLiQR1.1	skos:exactMatch	fdc:LiLiQR1.1	_IRI
scheme:LiLiQP1.1	skos:exactMatch	<https://spdx.org/licenses/LiLiQ-P-1.1>	_IRI
scheme:LiLiQP1.1	skos:exactMatch	fdc:LiLiQP1.1	_IRI
scheme:libtiff	skos:exactMatch	<https://spdx.org/licenses/libtiff>	_IRI
scheme:libtiff	skos:exactMatch	fdc:libtiff	_IRI
scheme:libselinux1.0	skos:exactMatch	<https://spdx.org/licenses/libselinux-1.0>	_IRI
scheme:libselinux1.0	skos:exactMatch	fdc:libselinux1.0	_IRI
scheme:libpng2.0	skos:exactMatch	<https://spdx.org/licenses/libpng-2.0>	_IRI
scheme:libpng2.0	skos:exactMatch	fdc:libpng2.0	_IRI
scheme:Libpng	skos:exactMatch	<https://spdx.org/licenses/Libpng>	_IRI
scheme:Libpng	skos:exactMatch	fdc:Libpng	_IRI
scheme:LGPLLR	skos:exactMatch	<https://spdx.org/licenses/LGPLLR>	_IRI
scheme:LGPLLR	skos:exactMatch	fdc:LGPLLR	_IRI
scheme:LGPL3.0orlater	skos:exactMatch	<https://spdx.org/licenses/LGPL-3.0-or-later>	_IRI
scheme:LGPL3.0orlater	skos:exactMatch	fdc:LGPL3.0orlater	_IRI
scheme:LGPL3.0only	skos:exactMatch	<https://spdx.org/licenses/LGPL-3.0-only>	_IRI
scheme:LGPL3.0only	skos:exactMatch	fdc:LGPL3.0only	_IRI
scheme:LGPL2.1orlater	skos:exactMatch	<https://spdx.org/licenses/LGPL-2.1-or-later>	_IRI
scheme:LGPL2.1orlater	skos:exactMatch	fdc:LGPL2.1orlater	_IRI
scheme:LGPL2.1only	skos:exactMatch	<https://spdx.org/licenses/LGPL-2.1-only>	_IRI
scheme:LGPL2.1only	skos:exactMatch	fdc:LGPL2.1only	_IRI
scheme:LGPL2.0orlater	skos:exactMatch	<https://spdx.org/licenses/LGPL-2.0-or-later>	_IRI
scheme:LGPL2.0orlater	skos:exactMatch	fdc:LGPL2.0orlater	_IRI
scheme:LGPL2.0only	skos:exactMatch	<https://spdx.org/licenses/LGPL-2.0-only>	_IRI
scheme:LGPL2.0only	skos:exactMatch	fdc:LGPL2.0only	_IRI
scheme:Leptonica	skos:exactMatch	<https://spdx.org/licenses/Leptonica>	_IRI
scheme:Leptonica	skos:exactMatch	fdc:Leptonica	_IRI
scheme:Latex2e	skos:exactMatch	<https://spdx.org/licenses/Latex2e>	_IRI
scheme:Latex2e	skos:exactMatch	fdc:Latex2e	_IRI
scheme:LAL1.3	skos:exactMatch	<https://spdx.org/licenses/LAL-1.3>	_IRI
scheme:LAL1.3	skos:exactMatch	fdc:LAL1.3	_IRI
scheme:LAL1.2	skos:exactMatch	<https://spdx.org/licenses/LAL-1.2>	_IRI
scheme:LAL1.2	skos:exactMatch	fdc:LAL1.2	_IRI
scheme:OGLCanada2.0	skos:exactMatch	fdc:OGLCanada2.0	_IRI
scheme:OGC1.0	skos:exactMatch	<https://spdx.org/licenses/OGC-1.0>	_IRI
scheme:OGC1.0	skos:exactMatch	fdc:OGC1.0	_IRI
scheme:OFL1.1RFN	skos:exactMatch	<https://spdx.org/licenses/OFL-1.1-RFN>	_IRI
scheme:OFL1.1RFN	skos:exactMatch	fdc:OFL1.1RFN	_IRI
scheme:OFL1.1noRFN	skos:exactMatch	<https://spdx.org/licenses/OFL-1.1-no-RFN>	_IRI
scheme:OFL1.1noRFN	skos:exactMatch	fdc:OFL1.1noRFN	_IRI
scheme:OFL1.1	skos:exactMatch	<https://spdx.org/licenses/OFL-1.1>	_IRI
scheme:OFL1.1	skos:exactMatch	fdc:OFL1.1	_IRI
scheme:OFL1.0RFN	skos:exactMatch	<https://spdx.org/licenses/OFL-1.0-RFN>	_IRI
scheme:OFL1.0RFN	skos:exactMatch	fdc:OFL1.0RFN	_IRI
scheme:OFL1.0noRFN	skos:exactMatch	<https://spdx.org/licenses/OFL-1.0-no-RFN>	_IRI
scheme:OFL1.0noRFN	skos:exactMatch	fdc:OFL1.0noRFN	_IRI
scheme:OFL1.0	skos:exactMatch	<https://spdx.org/licenses/OFL-1.0>	_IRI
scheme:OFL1.0	skos:exactMatch	fdc:OFL1.0	_IRI
scheme:ODCBy1.0	skos:exactMatch	<https://spdx.org/licenses/ODC-By-1.0>	_IRI
scheme:ODCBy1.0	skos:exactMatch	fdc:ODCBy1.0	_IRI
scheme:ODbL1.0	skos:exactMatch	<https://spdx.org/licenses/ODbL-1.0>	_IRI
scheme:ODbL1.0	skos:exactMatch	fdc:ODbL1.0	_IRI
scheme:OCLC2.0	skos:exactMatch	<https://spdx.org/licenses/OCLC-2.0>	_IRI
scheme:OCLC2.0	skos:exactMatch	fdc:OCLC2.0	_IRI
scheme:OCCTPL	skos:exactMatch	<https://spdx.org/licenses/OCCT-PL>	_IRI
scheme:OCCTPL	skos:exactMatch	fdc:OCCTPL	_IRI
scheme:OUDA1.0	skos:exactMatch	<https://spdx.org/licenses/O-UDA-1.0>	_IRI
scheme:OUDA1.0	skos:exactMatch	fdc:OUDA1.0	_IRI
scheme:NTP0	skos:exactMatch	<https://spdx.org/licenses/NTP-0>	_IRI
scheme:NTP0	skos:exactMatch	fdc:NTP0	_IRI
scheme:NTP	skos:exactMatch	<https://spdx.org/licenses/NTP>	_IRI
scheme:NTP	skos:exactMatch	fdc:NTP	_IRI
scheme:NRL	skos:exactMatch	<https://spdx.org/licenses/NRL>	_IRI
scheme:NRL	skos:exactMatch	fdc:NRL	_IRI
scheme:NPOSL3.0	skos:exactMatch	<https://spdx.org/licenses/NPOSL-3.0>	_IRI
scheme:NPOSL3.0	skos:exactMatch	fdc:NPOSL3.0	_IRI
scheme:NPL1.1	skos:exactMatch	<https://spdx.org/licenses/NPL-1.1>	_IRI
scheme:NPL1.1	skos:exactMatch	fdc:NPL1.1	_IRI
scheme:NPL1.0	skos:exactMatch	<https://spdx.org/licenses/NPL-1.0>	_IRI
scheme:NPL1.0	skos:exactMatch	fdc:NPL1.0	_IRI
scheme:Noweb	skos:exactMatch	<https://spdx.org/licenses/Noweb>	_IRI
scheme:Noweb	skos:exactMatch	fdc:Noweb	_IRI
scheme:NOSL	skos:exactMatch	<https://spdx.org/licenses/NOSL>	_IRI
scheme:NOSL	skos:exactMatch	fdc:NOSL	_IRI
scheme:Nokia	skos:exactMatch	<https://spdx.org/licenses/Nokia>	_IRI
scheme:Nokia	skos:exactMatch	fdc:Nokia	_IRI
scheme:NLPL	skos:exactMatch	<https://spdx.org/licenses/NLPL>	_IRI
scheme:NLPL	skos:exactMatch	fdc:NLPL	_IRI
scheme:NLOD1.0	skos:exactMatch	<https://spdx.org/licenses/NLOD-1.0>	_IRI
scheme:NLOD1.0	skos:exactMatch	fdc:NLOD1.0	_IRI
scheme:NISTPDfallback	skos:exactMatch	<https://spdx.org/licenses/NIST-PD-fallback>	_IRI
scheme:NISTPDfallback	skos:exactMatch	fdc:NISTPDfallback	_IRI
scheme:NISTPD	skos:exactMatch	<https://spdx.org/licenses/NIST-PD>	_IRI
scheme:NISTPD	skos:exactMatch	fdc:NISTPD	_IRI
scheme:NGPL	skos:exactMatch	<https://spdx.org/licenses/NGPL>	_IRI
scheme:NGPL	skos:exactMatch	fdc:NGPL	_IRI
scheme:Newsletr	skos:exactMatch	<https://spdx.org/licenses/Newsletr>	_IRI
scheme:Newsletr	skos:exactMatch	fdc:Newsletr	_IRI
scheme:NetCDF	skos:exactMatch	<https://spdx.org/licenses/NetCDF>	_IRI
scheme:NetCDF	skos:exactMatch	fdc:NetCDF	_IRI
scheme:NetSNMP	skos:exactMatch	<https://spdx.org/licenses/Net-SNMP>	_IRI
scheme:NetSNMP	skos:exactMatch	fdc:NetSNMP	_IRI
scheme:NCSA	skos:exactMatch	<https://spdx.org/licenses/NCSA>	_IRI
scheme:NCSA	skos:exactMatch	fdc:NCSA	_IRI
scheme:NCGLUK2.0	skos:exactMatch	<https://spdx.org/licenses/NCGL-UK-2.0>	_IRI
scheme:NCGLUK2.0	skos:exactMatch	fdc:NCGLUK2.0	_IRI
scheme:NBPL1.0	skos:exactMatch	<https://spdx.org/licenses/NBPL-1.0>	_IRI
scheme:NBPL1.0	skos:exactMatch	fdc:NBPL1.0	_IRI
scheme:Naumen	skos:exactMatch	<https://spdx.org/licenses/Naumen>	_IRI
scheme:Naumen	skos:exactMatch	fdc:Naumen	_IRI
scheme:NASA1.3	skos:exactMatch	<https://spdx.org/licenses/NASA-1.3>	_IRI
scheme:NASA1.3	skos:exactMatch	fdc:NASA1.3	_IRI
scheme:Mup	skos:exactMatch	<https://spdx.org/licenses/Mup>	_IRI
scheme:Mup	skos:exactMatch	fdc:Mup	_IRI
scheme:Multics	skos:exactMatch	<https://spdx.org/licenses/Multics>	_IRI
scheme:Multics	skos:exactMatch	fdc:Multics	_IRI
scheme:MulanPSL2.0	skos:exactMatch	<https://spdx.org/licenses/MulanPSL-2.0>	_IRI
scheme:MulanPSL2.0	skos:exactMatch	fdc:MulanPSL2.0	_IRI
scheme:MulanPSL1.0	skos:exactMatch	<https://spdx.org/licenses/MulanPSL-1.0>	_IRI
scheme:MulanPSL1.0	skos:exactMatch	fdc:MulanPSL1.0	_IRI
scheme:MTLL	skos:exactMatch	<https://spdx.org/licenses/MTLL>	_IRI
scheme:MTLL	skos:exactMatch	fdc:MTLL	_IRI
scheme:MSRL	skos:exactMatch	<https://spdx.org/licenses/MS-RL>	_IRI
scheme:MSRL	skos:exactMatch	fdc:MSRL	_IRI
scheme:MSPL	skos:exactMatch	<https://spdx.org/licenses/MS-PL>	_IRI
scheme:MSPL	skos:exactMatch	fdc:MSPL	_IRI
scheme:psutils	skos:exactMatch	<https://spdx.org/licenses/psutils>	_IRI
scheme:psutils	skos:exactMatch	fdc:psutils	_IRI
scheme:psfrag	skos:exactMatch	<https://spdx.org/licenses/psfrag>	_IRI
scheme:psfrag	skos:exactMatch	fdc:psfrag	_IRI
scheme:PSF2.0	skos:exactMatch	<https://spdx.org/licenses/PSF-2.0>	_IRI
scheme:PSF2.0	skos:exactMatch	fdc:PSF2.0	_IRI
scheme:PostgreSQL	skos:exactMatch	<https://spdx.org/licenses/PostgreSQL>	_IRI
scheme:PostgreSQL	skos:exactMatch	fdc:PostgreSQL	_IRI
scheme:PolyFormSmallBusiness1.0.0	skos:exactMatch	<https://spdx.org/licenses/PolyForm-Small-Business-1.0.0>	_IRI
scheme:PolyFormSmallBusiness1.0.0	skos:exactMatch	fdc:PolyFormSmallBusiness1.0.0	_IRI
scheme:PolyFormNoncommercial1.0.0	skos:exactMatch	<https://spdx.org/licenses/PolyForm-Noncommercial-1.0.0>	_IRI
scheme:PolyFormNoncommercial1.0.0	skos:exactMatch	fdc:PolyFormNoncommercial1.0.0	_IRI
scheme:Plexus	skos:exactMatch	<https://spdx.org/licenses/Plexus>	_IRI
scheme:Plexus	skos:exactMatch	fdc:Plexus	_IRI
scheme:PHP3.01	skos:exactMatch	<https://spdx.org/licenses/PHP-3.01>	_IRI
scheme:PHP3.01	skos:exactMatch	fdc:PHP3.01	_IRI
scheme:PHP3.0	skos:exactMatch	<https://spdx.org/licenses/PHP-3.0>	_IRI
scheme:PHP3.0	skos:exactMatch	fdc:PHP3.0	_IRI
scheme:PDDL1.0	skos:exactMatch	<https://spdx.org/licenses/PDDL-1.0>	_IRI
scheme:PDDL1.0	skos:exactMatch	fdc:PDDL1.0	_IRI
scheme:Parity7.0.0	skos:exactMatch	<https://spdx.org/licenses/Parity-7.0.0>	_IRI
scheme:Parity7.0.0	skos:exactMatch	fdc:Parity7.0.0	_IRI
scheme:Parity6.0.0	skos:exactMatch	<https://spdx.org/licenses/Parity-6.0.0>	_IRI
scheme:Parity6.0.0	skos:exactMatch	fdc:Parity6.0.0	_IRI
scheme:OSL3.0	skos:exactMatch	<https://spdx.org/licenses/OSL-3.0>	_IRI
scheme:OSL3.0	skos:exactMatch	fdc:OSL3.0	_IRI
scheme:OSL2.1	skos:exactMatch	<https://spdx.org/licenses/OSL-2.1>	_IRI
scheme:OSL2.1	skos:exactMatch	fdc:OSL2.1	_IRI
scheme:OSL2.0	skos:exactMatch	<https://spdx.org/licenses/OSL-2.0>	_IRI
scheme:OSL2.0	skos:exactMatch	fdc:OSL2.0	_IRI
scheme:OSL1.1	skos:exactMatch	<https://spdx.org/licenses/OSL-1.1>	_IRI
scheme:OSL1.1	skos:exactMatch	fdc:OSL1.1	_IRI
scheme:OSL1.0	skos:exactMatch	<https://spdx.org/licenses/OSL-1.0>	_IRI
scheme:OSL1.0	skos:exactMatch	fdc:OSL1.0	_IRI
scheme:OSETPL2.1	skos:exactMatch	<https://spdx.org/licenses/OSET-PL-2.1>	_IRI
scheme:OSETPL2.1	skos:exactMatch	fdc:OSETPL2.1	_IRI
scheme:OPL1.0	skos:exactMatch	<https://spdx.org/licenses/OPL-1.0>	_IRI
scheme:OPL1.0	skos:exactMatch	fdc:OPL1.0	_IRI
scheme:OpenSSL	skos:exactMatch	<https://spdx.org/licenses/OpenSSL>	_IRI
scheme:OpenSSL	skos:exactMatch	fdc:OpenSSL	_IRI
scheme:OML	skos:exactMatch	<https://spdx.org/licenses/OML>	_IRI
scheme:OML	skos:exactMatch	fdc:OML	_IRI
scheme:OLDAP2.8	skos:exactMatch	<https://spdx.org/licenses/OLDAP-2.8>	_IRI
scheme:OLDAP2.8	skos:exactMatch	fdc:OLDAP2.8	_IRI
scheme:OLDAP2.7	skos:exactMatch	<https://spdx.org/licenses/OLDAP-2.7>	_IRI
scheme:OLDAP2.7	skos:exactMatch	fdc:OLDAP2.7	_IRI
scheme:OLDAP2.6	skos:exactMatch	<https://spdx.org/licenses/OLDAP-2.6>	_IRI
scheme:OLDAP2.6	skos:exactMatch	fdc:OLDAP2.6	_IRI
scheme:OLDAP2.5	skos:exactMatch	<https://spdx.org/licenses/OLDAP-2.5>	_IRI
scheme:OLDAP2.5	skos:exactMatch	fdc:OLDAP2.5	_IRI
scheme:OLDAP2.4	skos:exactMatch	<https://spdx.org/licenses/OLDAP-2.4>	_IRI
scheme:OLDAP2.4	skos:exactMatch	fdc:OLDAP2.4	_IRI
scheme:OLDAP2.3	skos:exactMatch	<https://spdx.org/licenses/OLDAP-2.3>	_IRI
scheme:OLDAP2.3	skos:exactMatch	fdc:OLDAP2.3	_IRI
scheme:OLDAP2.2.2	skos:exactMatch	<https://spdx.org/licenses/OLDAP-2.2.2>	_IRI
scheme:OLDAP2.2.2	skos:exactMatch	fdc:OLDAP2.2.2	_IRI
scheme:OLDAP2.2.1	skos:exactMatch	<https://spdx.org/licenses/OLDAP-2.2.1>	_IRI
scheme:OLDAP2.2.1	skos:exactMatch	fdc:OLDAP2.2.1	_IRI
scheme:OLDAP2.2	skos:exactMatch	<https://spdx.org/licenses/OLDAP-2.2>	_IRI
scheme:OLDAP2.2	skos:exactMatch	fdc:OLDAP2.2	_IRI
scheme:OLDAP2.1	skos:exactMatch	<https://spdx.org/licenses/OLDAP-2.1>	_IRI
scheme:OLDAP2.1	skos:exactMatch	fdc:OLDAP2.1	_IRI
scheme:OLDAP2.0.1	skos:exactMatch	<https://spdx.org/licenses/OLDAP-2.0.1>	_IRI
scheme:OLDAP2.0.1	skos:exactMatch	fdc:OLDAP2.0.1	_IRI
scheme:OLDAP2.0	skos:exactMatch	<https://spdx.org/licenses/OLDAP-2.0>	_IRI
scheme:OLDAP2.0	skos:exactMatch	fdc:OLDAP2.0	_IRI
scheme:OLDAP1.4	skos:exactMatch	<https://spdx.org/licenses/OLDAP-1.4>	_IRI
scheme:OLDAP1.4	skos:exactMatch	fdc:OLDAP1.4	_IRI
scheme:OLDAP1.3	skos:exactMatch	<https://spdx.org/licenses/OLDAP-1.3>	_IRI
scheme:OLDAP1.3	skos:exactMatch	fdc:OLDAP1.3	_IRI
scheme:OLDAP1.2	skos:exactMatch	<https://spdx.org/licenses/OLDAP-1.2>	_IRI
scheme:OLDAP1.2	skos:exactMatch	fdc:OLDAP1.2	_IRI
scheme:OLDAP1.1	skos:exactMatch	<https://spdx.org/licenses/OLDAP-1.1>	_IRI
scheme:OLDAP1.1	skos:exactMatch	fdc:OLDAP1.1	_IRI
scheme:OGTSL	skos:exactMatch	<https://spdx.org/licenses/OGTSL>	_IRI
scheme:OGTSL	skos:exactMatch	fdc:OGTSL	_IRI
scheme:OGLUK3.0	skos:exactMatch	<https://spdx.org/licenses/OGL-UK-3.0>	_IRI
scheme:OGLUK3.0	skos:exactMatch	fdc:OGLUK3.0	_IRI
scheme:OGLUK2.0	skos:exactMatch	<https://spdx.org/licenses/OGL-UK-2.0>	_IRI
scheme:OGLUK2.0	skos:exactMatch	fdc:OGLUK2.0	_IRI
scheme:OGLUK1.0	skos:exactMatch	<https://spdx.org/licenses/OGL-UK-1.0>	_IRI
scheme:OGLUK1.0	skos:exactMatch	fdc:OGLUK1.0	_IRI
scheme:OGLCanada2.0	skos:exactMatch	<https://spdx.org/licenses/OGL-Canada-2.0>	_IRI
scheme:TORQUE1.1	skos:exactMatch	<https://spdx.org/licenses/TORQUE-1.1>	_IRI
scheme:TORQUE1.1	skos:exactMatch	fdc:TORQUE1.1	_IRI
scheme:TMate	skos:exactMatch	<https://spdx.org/licenses/TMate>	_IRI
scheme:TMate	skos:exactMatch	fdc:TMate	_IRI
scheme:TCPwrappers	skos:exactMatch	<https://spdx.org/licenses/TCP-wrappers>	_IRI
scheme:TCPwrappers	skos:exactMatch	fdc:TCPwrappers	_IRI
scheme:TCL	skos:exactMatch	<https://spdx.org/licenses/TCL>	_IRI
scheme:TCL	skos:exactMatch	fdc:TCL	_IRI
scheme:TAPROHL1.0	skos:exactMatch	<https://spdx.org/licenses/TAPR-OHL-1.0>	_IRI
scheme:TAPROHL1.0	skos:exactMatch	fdc:TAPROHL1.0	_IRI
scheme:SWL	skos:exactMatch	<https://spdx.org/licenses/SWL>	_IRI
scheme:SWL	skos:exactMatch	fdc:SWL	_IRI
scheme:SugarCRM1.1.3	skos:exactMatch	<https://spdx.org/licenses/SugarCRM-1.1.3>	_IRI
scheme:SugarCRM1.1.3	skos:exactMatch	fdc:SugarCRM1.1.3	_IRI
scheme:SSPL1.0	skos:exactMatch	<https://spdx.org/licenses/SSPL-1.0>	_IRI
scheme:SSPL1.0	skos:exactMatch	fdc:SSPL1.0	_IRI
scheme:SSHshort	skos:exactMatch	<https://spdx.org/licenses/SSH-short>	_IRI
scheme:SSHshort	skos:exactMatch	fdc:SSHshort	_IRI
scheme:SSHOpenSSH	skos:exactMatch	<https://spdx.org/licenses/SSH-OpenSSH>	_IRI
scheme:SSHOpenSSH	skos:exactMatch	fdc:SSHOpenSSH	_IRI
scheme:SPL1.0	skos:exactMatch	<https://spdx.org/licenses/SPL-1.0>	_IRI
scheme:SPL1.0	skos:exactMatch	fdc:SPL1.0	_IRI
scheme:Spencer99	skos:exactMatch	<https://spdx.org/licenses/Spencer-99>	_IRI
scheme:Spencer99	skos:exactMatch	fdc:Spencer99	_IRI
scheme:Spencer94	skos:exactMatch	<https://spdx.org/licenses/Spencer-94>	_IRI
scheme:Spencer94	skos:exactMatch	fdc:Spencer94	_IRI
scheme:Spencer86	skos:exactMatch	<https://spdx.org/licenses/Spencer-86>	_IRI
scheme:Spencer86	skos:exactMatch	fdc:Spencer86	_IRI
scheme:SNIA	skos:exactMatch	<https://spdx.org/licenses/SNIA>	_IRI
scheme:SNIA	skos:exactMatch	fdc:SNIA	_IRI
scheme:SMPPL	skos:exactMatch	<https://spdx.org/licenses/SMPPL>	_IRI
scheme:SMPPL	skos:exactMatch	fdc:SMPPL	_IRI
scheme:SMLNJ	skos:exactMatch	<https://spdx.org/licenses/SMLNJ>	_IRI
scheme:SMLNJ	skos:exactMatch	fdc:SMLNJ	_IRI
scheme:Sleepycat	skos:exactMatch	<https://spdx.org/licenses/Sleepycat>	_IRI
scheme:Sleepycat	skos:exactMatch	fdc:Sleepycat	_IRI
scheme:SISSL1.2	skos:exactMatch	<https://spdx.org/licenses/SISSL-1.2>	_IRI
scheme:SISSL1.2	skos:exactMatch	fdc:SISSL1.2	_IRI
scheme:SISSL	skos:exactMatch	<https://spdx.org/licenses/SISSL>	_IRI
scheme:SISSL	skos:exactMatch	fdc:SISSL	_IRI
scheme:SimPL2.0	skos:exactMatch	<https://spdx.org/licenses/SimPL-2.0>	_IRI
scheme:SimPL2.0	skos:exactMatch	fdc:SimPL2.0	_IRI
scheme:SHL0.51	skos:exactMatch	<https://spdx.org/licenses/SHL-0.51>	_IRI
scheme:SHL0.51	skos:exactMatch	fdc:SHL0.51	_IRI
scheme:SHL0.5	skos:exactMatch	<https://spdx.org/licenses/SHL-0.5>	_IRI
scheme:SHL0.5	skos:exactMatch	fdc:SHL0.5	_IRI
scheme:SGIB2.0	skos:exactMatch	<https://spdx.org/licenses/SGI-B-2.0>	_IRI
scheme:SGIB2.0	skos:exactMatch	fdc:SGIB2.0	_IRI
scheme:SGIB1.1	skos:exactMatch	<https://spdx.org/licenses/SGI-B-1.1>	_IRI
scheme:SGIB1.1	skos:exactMatch	fdc:SGIB1.1	_IRI
scheme:SGIB1.0	skos:exactMatch	<https://spdx.org/licenses/SGI-B-1.0>	_IRI
scheme:SGIB1.0	skos:exactMatch	fdc:SGIB1.0	_IRI
scheme:Sendmail8.23	skos:exactMatch	<https://spdx.org/licenses/Sendmail-8.23>	_IRI
scheme:Sendmail8.23	skos:exactMatch	fdc:Sendmail8.23	_IRI
scheme:Sendmail	skos:exactMatch	<https://spdx.org/licenses/Sendmail>	_IRI
scheme:Sendmail	skos:exactMatch	fdc:Sendmail	_IRI
scheme:SCEA	skos:exactMatch	<https://spdx.org/licenses/SCEA>	_IRI
scheme:SCEA	skos:exactMatch	fdc:SCEA	_IRI
scheme:Saxpath	skos:exactMatch	<https://spdx.org/licenses/Saxpath>	_IRI
scheme:Saxpath	skos:exactMatch	fdc:Saxpath	_IRI
scheme:SAXPD	skos:exactMatch	<https://spdx.org/licenses/SAX-PD>	_IRI
scheme:SAXPD	skos:exactMatch	fdc:SAXPD	_IRI
scheme:Ruby	skos:exactMatch	<https://spdx.org/licenses/Ruby>	_IRI
scheme:Ruby	skos:exactMatch	fdc:Ruby	_IRI
scheme:RSCPL	skos:exactMatch	<https://spdx.org/licenses/RSCPL>	_IRI
scheme:RSCPL	skos:exactMatch	fdc:RSCPL	_IRI
scheme:RSAMD	skos:exactMatch	<https://spdx.org/licenses/RSA-MD>	_IRI
scheme:RSAMD	skos:exactMatch	fdc:RSAMD	_IRI
scheme:RPSL1.0	skos:exactMatch	<https://spdx.org/licenses/RPSL-1.0>	_IRI
scheme:RPSL1.0	skos:exactMatch	fdc:RPSL1.0	_IRI
scheme:RPL1.5	skos:exactMatch	<https://spdx.org/licenses/RPL-1.5>	_IRI
scheme:RPL1.5	skos:exactMatch	fdc:RPL1.5	_IRI
scheme:RPL1.1	skos:exactMatch	<https://spdx.org/licenses/RPL-1.1>	_IRI
scheme:RPL1.1	skos:exactMatch	fdc:RPL1.1	_IRI
scheme:RHeCos1.1	skos:exactMatch	<https://spdx.org/licenses/RHeCos-1.1>	_IRI
scheme:RHeCos1.1	skos:exactMatch	fdc:RHeCos1.1	_IRI
scheme:Rdisc	skos:exactMatch	<https://spdx.org/licenses/Rdisc>	_IRI
scheme:Rdisc	skos:exactMatch	fdc:Rdisc	_IRI
scheme:QPL1.0	skos:exactMatch	<https://spdx.org/licenses/QPL-1.0>	_IRI
scheme:QPL1.0	skos:exactMatch	fdc:QPL1.0	_IRI
scheme:Qhull	skos:exactMatch	<https://spdx.org/licenses/Qhull>	_IRI
scheme:Qhull	skos:exactMatch	fdc:Qhull	_IRI
scheme:Python2.0	skos:exactMatch	<https://spdx.org/licenses/Python-2.0>	_IRI
scheme:Python2.0	skos:exactMatch	fdc:Python2.0	_IRI
scheme:MIMEType	skos:exactMatch	fdc:MIMEType	_IRI
scheme:LicenseIdentifierScheme	skos:exactMatch	fdc:LicenseIdentifierScheme	_IRI
scheme:ZPL2.1	skos:exactMatch	<https://spdx.org/licenses/ZPL-2.1>	_IRI
scheme:ZPL2.1	skos:exactMatch	fdc:ZPL2.1	_IRI
scheme:ZPL2.0	skos:exactMatch	<https://spdx.org/licenses/ZPL-2.0>	_IRI
scheme:ZPL2.0	skos:exactMatch	fdc:ZPL2.0	_IRI
scheme:ZPL1.1	skos:exactMatch	<https://spdx.org/licenses/ZPL-1.1>	_IRI
scheme:ZPL1.1	skos:exactMatch	fdc:ZPL1.1	_IRI
scheme:zlibacknowledgement	skos:exactMatch	<https://spdx.org/licenses/zlib-acknowledgement>	_IRI
scheme:zlibacknowledgement	skos:exactMatch	fdc:zlibacknowledgement	_IRI
scheme:Zlib	skos:exactMatch	<https://spdx.org/licenses/Zlib>	_IRI
scheme:Zlib	skos:exactMatch	fdc:Zlib	_IRI
scheme:Zimbra1.4	skos:exactMatch	<https://spdx.org/licenses/Zimbra-1.4>	_IRI
scheme:Zimbra1.4	skos:exactMatch	fdc:Zimbra1.4	_IRI
scheme:Zimbra1.3	skos:exactMatch	<https://spdx.org/licenses/Zimbra-1.3>	_IRI
scheme:Zimbra1.3	skos:exactMatch	fdc:Zimbra1.3	_IRI
scheme:Zend2.0	skos:exactMatch	<https://spdx.org/licenses/Zend-2.0>	_IRI
scheme:Zend2.0	skos:exactMatch	fdc:Zend2.0	_IRI
scheme:Zed	skos:exactMatch	<https://spdx.org/licenses/Zed>	_IRI
scheme:Zed	skos:exactMatch	fdc:Zed	_IRI
scheme:YPL1.1	skos:exactMatch	<https://spdx.org/licenses/YPL-1.1>	_IRI
scheme:YPL1.1	skos:exactMatch	fdc:YPL1.1	_IRI
scheme:YPL1.0	skos:exactMatch	<https://spdx.org/licenses/YPL-1.0>	_IRI
scheme:YPL1.0	skos:exactMatch	fdc:YPL1.0	_IRI
scheme:XSkat	skos:exactMatch	<https://spdx.org/licenses/XSkat>	_IRI
scheme:XSkat	skos:exactMatch	fdc:XSkat	_IRI
scheme:xpp	skos:exactMatch	<https://spdx.org/licenses/xpp>	_IRI
scheme:xpp	skos:exactMatch	fdc:xpp	_IRI
scheme:Xnet	skos:exactMatch	<https://spdx.org/licenses/Xnet>	_IRI
scheme:Xnet	skos:exactMatch	fdc:Xnet	_IRI
scheme:xinetd	skos:exactMatch	<https://spdx.org/licenses/xinetd>	_IRI
scheme:xinetd	skos:exactMatch	fdc:xinetd	_IRI
scheme:XFree861.1	skos:exactMatch	<https://spdx.org/licenses/XFree86-1.1>	_IRI
scheme:XFree861.1	skos:exactMatch	fdc:XFree861.1	_IRI
scheme:Xerox	skos:exactMatch	<https://spdx.org/licenses/Xerox>	_IRI
scheme:Xerox	skos:exactMatch	fdc:Xerox	_IRI
scheme:X11	skos:exactMatch	<https://spdx.org/licenses/X11>	_IRI
scheme:X11	skos:exactMatch	fdc:X11	_IRI
scheme:WTFPL	skos:exactMatch	<https://spdx.org/licenses/WTFPL>	_IRI
scheme:WTFPL	skos:exactMatch	fdc:WTFPL	_IRI
scheme:Wsuipa	skos:exactMatch	<https://spdx.org/licenses/Wsuipa>	_IRI
scheme:Wsuipa	skos:exactMatch	fdc:Wsuipa	_IRI
scheme:Watcom1.0	skos:exactMatch	<https://spdx.org/licenses/Watcom-1.0>	_IRI
scheme:Watcom1.0	skos:exactMatch	fdc:Watcom1.0	_IRI
scheme:W3C20150513	skos:exactMatch	<https://spdx.org/licenses/W3C-20150513>	_IRI
scheme:W3C20150513	skos:exactMatch	fdc:W3C20150513	_IRI
scheme:W3C19980720	skos:exactMatch	<https://spdx.org/licenses/W3C-19980720>	_IRI
scheme:W3C19980720	skos:exactMatch	fdc:W3C19980720	_IRI
scheme:W3C	skos:exactMatch	<https://spdx.org/licenses/W3C>	_IRI
scheme:W3C	skos:exactMatch	fdc:W3C	_IRI
scheme:VSL1.0	skos:exactMatch	<https://spdx.org/licenses/VSL-1.0>	_IRI
scheme:VSL1.0	skos:exactMatch	fdc:VSL1.0	_IRI
scheme:VOSTROM	skos:exactMatch	<https://spdx.org/licenses/VOSTROM>	_IRI
scheme:VOSTROM	skos:exactMatch	fdc:VOSTROM	_IRI
scheme:Vim	skos:exactMatch	<https://spdx.org/licenses/Vim>	_IRI
scheme:Vim	skos:exactMatch	fdc:Vim	_IRI
scheme:UPL1.0	skos:exactMatch	<https://spdx.org/licenses/UPL-1.0>	_IRI
scheme:UPL1.0	skos:exactMatch	fdc:UPL1.0	_IRI
scheme:Unlicense	skos:exactMatch	<https://spdx.org/licenses/Unlicense>	_IRI
scheme:Unlicense	skos:exactMatch	fdc:Unlicense	_IRI
scheme:UnicodeTOU	skos:exactMatch	<https://spdx.org/licenses/Unicode-TOU>	_IRI
scheme:UnicodeTOU	skos:exactMatch	fdc:UnicodeTOU	_IRI
scheme:UnicodeDFS2016	skos:exactMatch	<https://spdx.org/licenses/Unicode-DFS-2016>	_IRI
scheme:UnicodeDFS2016	skos:exactMatch	fdc:UnicodeDFS2016	_IRI
scheme:UnicodeDFS2015	skos:exactMatch	<https://spdx.org/licenses/Unicode-DFS-2015>	_IRI
scheme:UnicodeDFS2015	skos:exactMatch	fdc:UnicodeDFS2015	_IRI
scheme:UCL1.0	skos:exactMatch	<https://spdx.org/licenses/UCL-1.0>	_IRI
scheme:UCL1.0	skos:exactMatch	fdc:UCL1.0	_IRI
scheme:TUBerlin2.0	skos:exactMatch	<https://spdx.org/licenses/TU-Berlin-2.0>	_IRI
scheme:TUBerlin2.0	skos:exactMatch	fdc:TUBerlin2.0	_IRI
scheme:TUBerlin1.0	skos:exactMatch	<https://spdx.org/licenses/TU-Berlin-1.0>	_IRI
scheme:TUBerlin1.0	skos:exactMatch	fdc:TUBerlin1.0	_IRI
scheme:TOSL	skos:exactMatch	<https://spdx.org/licenses/TOSL>	_IRI
scheme:TOSL	skos:exactMatch	fdc:TOSL	_IRI
scheme:application-cdf	skos:exactMatch	fdc:application-cdf	_IRI
scheme:application-book	skos:exactMatch	fdc:application-book	_IRI
scheme:application-binhex4	skos:exactMatch	fdc:application-binhex4	_IRI
scheme:application-binhex	skos:exactMatch	fdc:application-binhex	_IRI
scheme:application-base64	skos:exactMatch	fdc:application-base64	_IRI
scheme:application-arj	skos:exactMatch	fdc:application-arj	_IRI
scheme:application-acad	skos:exactMatch	fdc:application-acad	_IRI
scheme:application-x-bytecode.python	skos:exactMatch	fdc:application-x-bytecode.python	_IRI
scheme:application-pkix-cert	skos:exactMatch	fdc:application-pkix-cert	_IRI
scheme:application-pkcs7-signature	skos:exactMatch	fdc:application-pkcs7-signature	_IRI
scheme:application-pkcs7-mime	skos:exactMatch	fdc:application-pkcs7-mime	_IRI
scheme:application-pkcs10	skos:exactMatch	fdc:application-pkcs10	_IRI
scheme:application-pkcs-crl	skos:exactMatch	fdc:application-pkcs-crl	_IRI
scheme:application-pkcs-12	skos:exactMatch	fdc:application-pkcs-12	_IRI
scheme:application-pdf	skos:exactMatch	fdc:application-pdf	_IRI
scheme:application-ogg	skos:exactMatch	fdc:application-ogg	_IRI
scheme:application-oda	skos:exactMatch	fdc:application-oda	_IRI
scheme:application-octet-stream	skos:exactMatch	fdc:application-octet-stream	_IRI
scheme:application-netmc	skos:exactMatch	fdc:application-netmc	_IRI
scheme:application-mswrite	skos:exactMatch	fdc:application-mswrite	_IRI
scheme:application-msword	skos:exactMatch	fdc:application-msword	_IRI
scheme:application-mspowerpoint	skos:exactMatch	fdc:application-mspowerpoint	_IRI
scheme:application-mime	skos:exactMatch	fdc:application-mime	_IRI
scheme:application-mcad	skos:exactMatch	fdc:application-mcad	_IRI
scheme:application-mbedlet	skos:exactMatch	fdc:application-mbedlet	_IRI
scheme:application-marc	skos:exactMatch	fdc:application-marc	_IRI
scheme:application-macbinary	skos:exactMatch	fdc:application-macbinary	_IRI
scheme:application-mac-compactpro	skos:exactMatch	fdc:application-mac-compactpro	_IRI
scheme:application-mac-binhex40	skos:exactMatch	fdc:application-mac-binhex40	_IRI
scheme:application-mac-binhex	skos:exactMatch	fdc:application-mac-binhex	_IRI
scheme:application-mac-binary	skos:exactMatch	fdc:application-mac-binary	_IRI
scheme:application-lzx	skos:exactMatch	fdc:application-lzx	_IRI
scheme:application-lha	skos:exactMatch	fdc:application-lha	_IRI
scheme:application-json	skos:exactMatch	fdc:application-json	_IRI
scheme:application-javascript	skos:exactMatch	fdc:application-javascript	_IRI
scheme:application-java-byte-code	skos:exactMatch	fdc:application-java-byte-code	_IRI
scheme:application-java-archive	skos:exactMatch	fdc:application-java-archive	_IRI
scheme:application-java	skos:exactMatch	fdc:application-java	_IRI
scheme:application-inf	skos:exactMatch	fdc:application-inf	_IRI
scheme:application-iges	skos:exactMatch	fdc:application-iges	_IRI
scheme:application-i-deas	skos:exactMatch	fdc:application-i-deas	_IRI
scheme:application-hta	skos:exactMatch	fdc:application-hta	_IRI
scheme:application-hlp	skos:exactMatch	fdc:application-hlp	_IRI
scheme:application-groupwise	skos:exactMatch	fdc:application-groupwise	_IRI
scheme:application-gnutar	skos:exactMatch	fdc:application-gnutar	_IRI
scheme:application-futuresplash	skos:exactMatch	fdc:application-futuresplash	_IRI
scheme:application-freeloader	skos:exactMatch	fdc:application-freeloader	_IRI
scheme:application-fractals	skos:exactMatch	fdc:application-fractals	_IRI
scheme:application-excel	skos:exactMatch	fdc:application-excel	_IRI
scheme:application-envoy	skos:exactMatch	fdc:application-envoy	_IRI
scheme:application-ecmascript	skos:exactMatch	fdc:application-ecmascript	_IRI
scheme:application-dxf	skos:exactMatch	fdc:application-dxf	_IRI
scheme:application-dsptype	skos:exactMatch	fdc:application-dsptype	_IRI
scheme:application-drafting	skos:exactMatch	fdc:application-drafting	_IRI
scheme:application-commonground	skos:exactMatch	fdc:application-commonground	_IRI
scheme:application-clariscad	skos:exactMatch	fdc:application-clariscad	_IRI
scheme:application-wordperfect6.0	skos:exactMatch	fdc:application-wordperfect6.0	_IRI
scheme:application-wordperfect	skos:exactMatch	fdc:application-wordperfect	_IRI
scheme:application-vocaltec-media-file	skos:exactMatch	fdc:application-vocaltec-media-file	_IRI
scheme:application-vocaltec-media-desc	skos:exactMatch	fdc:application-vocaltec-media-desc	_IRI
scheme:application-vnd.xara	skos:exactMatch	fdc:application-vnd.xara	_IRI
scheme:application-vnd.wap.wmlscriptc	skos:exactMatch	fdc:application-vnd.wap.wmlscriptc	_IRI
scheme:application-vnd.wap.wmlc	skos:exactMatch	fdc:application-vnd.wap.wmlc	_IRI
scheme:application-vnd.visio	skos:exactMatch	fdc:application-vnd.visio	_IRI
scheme:application-vnd.rn-realplayer	skos:exactMatch	fdc:application-vnd.rn-realplayer	_IRI
scheme:application-vnd.rn-realmedia	skos:exactMatch	fdc:application-vnd.rn-realmedia	_IRI
scheme:application-vnd.openxmlformats-officedocument.wordprocessingml.document	skos:exactMatch	fdc:application-vnd.openxmlformats-officedocument.wordprocessingml.document	_IRI
scheme:application-vnd.openxmlformats-officedocument.spreadsheetml.sheet	skos:exactMatch	fdc:application-vnd.openxmlformats-officedocument.spreadsheetml.sheet	_IRI
scheme:application-vnd.openxmlformats-officedocument.presentationml.presentation	skos:exactMatch	fdc:application-vnd.openxmlformats-officedocument.presentationml.presentation	_IRI
scheme:application-vnd.oasis.opendocument.text	skos:exactMatch	fdc:application-vnd.oasis.opendocument.text	_IRI
scheme:application-vnd.oasis.opendocument.spreadsheet	skos:exactMatch	fdc:application-vnd.oasis.opendocument.spreadsheet	_IRI
scheme:application-vnd.oasis.opendocument.presentation	skos:exactMatch	fdc:application-vnd.oasis.opendocument.presentation	_IRI
scheme:application-vnd.nokia.ringing-tone	skos:exactMatch	fdc:application-vnd.nokia.ringing-tone	_IRI
scheme:application-vnd.nokia.configuration-message	skos:exactMatch	fdc:application-vnd.nokia.configuration-message	_IRI
scheme:application-vnd.ms-project	skos:exactMatch	fdc:application-vnd.ms-project	_IRI
scheme:application-vnd.ms-powerpoint	skos:exactMatch	fdc:application-vnd.ms-powerpoint	_IRI
scheme:application-vnd.ms-pki.stl	skos:exactMatch	fdc:application-vnd.ms-pki.stl	_IRI
scheme:application-vnd.ms-pki.seccat	skos:exactMatch	fdc:application-vnd.ms-pki.seccat	_IRI
scheme:application-vnd.ms-pki.pko	skos:exactMatch	fdc:application-vnd.ms-pki.pko	_IRI
scheme:application-vnd.ms-pki.certstore	skos:exactMatch	fdc:application-vnd.ms-pki.certstore	_IRI
scheme:application-vnd.ms-fontobject	skos:exactMatch	fdc:application-vnd.ms-fontobject	_IRI
scheme:application-vnd.ms-excel	skos:exactMatch	fdc:application-vnd.ms-excel	_IRI
scheme:application-vnd.hp-pcl	skos:exactMatch	fdc:application-vnd.hp-pcl	_IRI
scheme:application-vnd.hp-hpgl	skos:exactMatch	fdc:application-vnd.hp-hpgl	_IRI
scheme:application-vnd.fdf	skos:exactMatch	fdc:application-vnd.fdf	_IRI
scheme:application-vnd.android.package-archive	skos:exactMatch	fdc:application-vnd.android.package-archive	_IRI
scheme:application-vnd.amazon.ebook	skos:exactMatch	fdc:application-vnd.amazon.ebook	_IRI
scheme:application-vda	skos:exactMatch	fdc:application-vda	_IRI
scheme:application-toolbook	skos:exactMatch	fdc:application-toolbook	_IRI
scheme:application-streamingmedia	skos:exactMatch	fdc:application-streamingmedia	_IRI
scheme:application-step	skos:exactMatch	fdc:application-step	_IRI
scheme:application-sounder	skos:exactMatch	fdc:application-sounder	_IRI
scheme:application-solids	skos:exactMatch	fdc:application-solids	_IRI
scheme:application-smil	skos:exactMatch	fdc:application-smil	_IRI
scheme:application-sla	skos:exactMatch	fdc:application-sla	_IRI
scheme:application-set	skos:exactMatch	fdc:application-set	_IRI
scheme:application-sea	skos:exactMatch	fdc:application-sea	_IRI
scheme:application-sdp	skos:exactMatch	fdc:application-sdp	_IRI
scheme:application-rtf	skos:exactMatch	fdc:application-rtf	_IRI
scheme:application-ringing-tones	skos:exactMatch	fdc:application-ringing-tones	_IRI
scheme:application-pro_eng	skos:exactMatch	fdc:application-pro_eng	_IRI
scheme:application-powerpoint	skos:exactMatch	fdc:application-powerpoint	_IRI
scheme:application-postscript	skos:exactMatch	fdc:application-postscript	_IRI
scheme:application-plain	skos:exactMatch	fdc:application-plain	_IRI
scheme:application-pkix-crl	skos:exactMatch	fdc:application-pkix-crl	_IRI
scheme:application-x-java-class	skos:exactMatch	fdc:application-x-java-class	_IRI
scheme:application-x-ip2	skos:exactMatch	fdc:application-x-ip2	_IRI
scheme:application-x-inventor	skos:exactMatch	fdc:application-x-inventor	_IRI
scheme:application-x-internett-signup	skos:exactMatch	fdc:application-x-internett-signup	_IRI
scheme:application-x-ima	skos:exactMatch	fdc:application-x-ima	_IRI
scheme:application-x-httpd-imap	skos:exactMatch	fdc:application-x-httpd-imap	_IRI
scheme:application-x-helpfile	skos:exactMatch	fdc:application-x-helpfile	_IRI
scheme:application-x-hdf	skos:exactMatch	fdc:application-x-hdf	_IRI
scheme:application-x-gzip	skos:exactMatch	fdc:application-x-gzip	_IRI
scheme:application-x-gtar	skos:exactMatch	fdc:application-x-gtar	_IRI
scheme:application-x-gss	skos:exactMatch	fdc:application-x-gss	_IRI
scheme:application-x-gsp	skos:exactMatch	fdc:application-x-gsp	_IRI
scheme:application-x-freelance	skos:exactMatch	fdc:application-x-freelance	_IRI
scheme:application-x-freearc	skos:exactMatch	fdc:application-x-freearc	_IRI
scheme:application-x-frame	skos:exactMatch	fdc:application-x-frame	_IRI
scheme:application-x-fictionbook	skos:exactMatch	fdc:application-x-fictionbook	_IRI
scheme:application-x-excel	skos:exactMatch	fdc:application-x-excel	_IRI
scheme:application-x-esrehber	skos:exactMatch	fdc:application-x-esrehber	_IRI
scheme:application-x-envoy	skos:exactMatch	fdc:application-x-envoy	_IRI
scheme:application-x-elc	skos:exactMatch	fdc:application-x-elc	_IRI
scheme:application-x-dvi	skos:exactMatch	fdc:application-x-dvi	_IRI
scheme:application-x-director	skos:exactMatch	fdc:application-x-director	_IRI
scheme:application-x-deepv	skos:exactMatch	fdc:application-x-deepv	_IRI
scheme:application-x-csh	skos:exactMatch	fdc:application-x-csh	_IRI
scheme:application-x-cpt	skos:exactMatch	fdc:application-x-cpt	_IRI
scheme:application-x-cpio	skos:exactMatch	fdc:application-x-cpio	_IRI
scheme:application-x-conference	skos:exactMatch	fdc:application-x-conference	_IRI
scheme:application-x-compressed	skos:exactMatch	fdc:application-x-compressed	_IRI
scheme:application-x-compress	skos:exactMatch	fdc:application-x-compress	_IRI
scheme:application-x-compactpro	skos:exactMatch	fdc:application-x-compactpro	_IRI
scheme:application-x-cocoa	skos:exactMatch	fdc:application-x-cocoa	_IRI
scheme:application-x-cmu-raster	skos:exactMatch	fdc:application-x-cmu-raster	_IRI
scheme:application-x-chat	skos:exactMatch	fdc:application-x-chat	_IRI
scheme:application-x-cdlink	skos:exactMatch	fdc:application-x-cdlink	_IRI
scheme:application-x-cdf	skos:exactMatch	fdc:application-x-cdf	_IRI
scheme:application-x-bzip2	skos:exactMatch	fdc:application-x-bzip2	_IRI
scheme:application-x-bzip	skos:exactMatch	fdc:application-x-bzip	_IRI
scheme:application-x-bsh	skos:exactMatch	fdc:application-x-bsh	_IRI
scheme:application-x-binhex40	skos:exactMatch	fdc:application-x-binhex40	_IRI
scheme:application-x-binary	skos:exactMatch	fdc:application-x-binary	_IRI
scheme:application-x-bcpio	skos:exactMatch	fdc:application-x-bcpio	_IRI
scheme:application-x-authorware-seg	skos:exactMatch	fdc:application-x-authorware-seg	_IRI
scheme:application-x-authorware-map	skos:exactMatch	fdc:application-x-authorware-map	_IRI
scheme:application-x-authorware-bin	skos:exactMatch	fdc:application-x-authorware-bin	_IRI
scheme:application-x-aim	skos:exactMatch	fdc:application-x-aim	_IRI
scheme:application-x-abiword	skos:exactMatch	fdc:application-x-abiword	_IRI
scheme:application-x-7z-compressed	skos:exactMatch	fdc:application-x-7z-compressed	_IRI
scheme:application-x-123	skos:exactMatch	fdc:application-x-123	_IRI
scheme:application-wordperfect6.1	skos:exactMatch	fdc:application-wordperfect6.1	_IRI
scheme:application-x-sea	skos:exactMatch	fdc:application-x-sea	_IRI
scheme:application-x-sdp	skos:exactMatch	fdc:application-x-sdp	_IRI
scheme:application-x-rtf	skos:exactMatch	fdc:application-x-rtf	_IRI
scheme:application-x-rar-compressed	skos:exactMatch	fdc:application-x-rar-compressed	_IRI
scheme:application-x-qpro	skos:exactMatch	fdc:application-x-qpro	_IRI
scheme:application-x-project	skos:exactMatch	fdc:application-x-project	_IRI
scheme:application-x-portable-anymap	skos:exactMatch	fdc:application-x-portable-anymap	_IRI
scheme:application-x-pointplus	skos:exactMatch	fdc:application-x-pointplus	_IRI
scheme:application-x-pkcs7-signature	skos:exactMatch	fdc:application-x-pkcs7-signature	_IRI
scheme:application-x-pkcs7-mime	skos:exactMatch	fdc:application-x-pkcs7-mime	_IRI
scheme:application-x-pkcs7-certreqresp	skos:exactMatch	fdc:application-x-pkcs7-certreqresp	_IRI
scheme:application-x-pkcs7-certificates	skos:exactMatch	fdc:application-x-pkcs7-certificates	_IRI
scheme:application-x-pkcs12	skos:exactMatch	fdc:application-x-pkcs12	_IRI
scheme:application-x-pkcs10	skos:exactMatch	fdc:application-x-pkcs10	_IRI
scheme:application-x-pixclscript	skos:exactMatch	fdc:application-x-pixclscript	_IRI
scheme:application-x-pcl	skos:exactMatch	fdc:application-x-pcl	_IRI
scheme:application-x-pagemaker	skos:exactMatch	fdc:application-x-pagemaker	_IRI
scheme:application-x-omcregerator	skos:exactMatch	fdc:application-x-omcregerator	_IRI
scheme:application-x-omcdatamaker	skos:exactMatch	fdc:application-x-omcdatamaker	_IRI
scheme:application-x-omc	skos:exactMatch	fdc:application-x-omc	_IRI
scheme:application-x-nokia-9000-communicator-add-on-software	skos:exactMatch	fdc:application-x-nokia-9000-communicator-add-on-software	_IRI
scheme:application-x-newton-compatible-pkg	skos:exactMatch	fdc:application-x-newton-compatible-pkg	_IRI
scheme:application-x-netcdf	skos:exactMatch	fdc:application-x-netcdf	_IRI
scheme:application-x-navistyle	skos:exactMatch	fdc:application-x-navistyle	_IRI
scheme:application-x-navimap	skos:exactMatch	fdc:application-x-navimap	_IRI
scheme:application-x-navidoc	skos:exactMatch	fdc:application-x-navidoc	_IRI
scheme:application-x-navi-animation	skos:exactMatch	fdc:application-x-navi-animation	_IRI
scheme:application-x-mspowerpoint	skos:exactMatch	fdc:application-x-mspowerpoint	_IRI
scheme:application-x-msexcel	skos:exactMatch	fdc:application-x-msexcel	_IRI
scheme:application-x-mplayer2	skos:exactMatch	fdc:application-x-mplayer2	_IRI
scheme:application-x-mix-transfer	skos:exactMatch	fdc:application-x-mix-transfer	_IRI
scheme:application-x-mif	skos:exactMatch	fdc:application-x-mif	_IRI
scheme:application-x-midi	skos:exactMatch	fdc:application-x-midi	_IRI
scheme:application-x-meme	skos:exactMatch	fdc:application-x-meme	_IRI
scheme:application-x-mathcad	skos:exactMatch	fdc:application-x-mathcad	_IRI
scheme:application-x-magic-cap-package-1.0	skos:exactMatch	fdc:application-x-magic-cap-package-1.0	_IRI
scheme:application-x-macbinary	skos:exactMatch	fdc:application-x-macbinary	_IRI
scheme:application-x-mac-binhex40	skos:exactMatch	fdc:application-x-mac-binhex40	_IRI
scheme:application-x-lzx	skos:exactMatch	fdc:application-x-lzx	_IRI
scheme:application-x-lzh	skos:exactMatch	fdc:application-x-lzh	_IRI
scheme:application-x-lotusscreencam	skos:exactMatch	fdc:application-x-lotusscreencam	_IRI
scheme:application-x-lotus	skos:exactMatch	fdc:application-x-lotus	_IRI
scheme:application-x-livescreen	skos:exactMatch	fdc:application-x-livescreen	_IRI
scheme:application-x-lisp	skos:exactMatch	fdc:application-x-lisp	_IRI
scheme:application-x-lha	skos:exactMatch	fdc:application-x-lha	_IRI
scheme:application-x-latex	skos:exactMatch	fdc:application-x-latex	_IRI
scheme:application-x-ksh	skos:exactMatch	fdc:application-x-ksh	_IRI
scheme:application-x-koan	skos:exactMatch	fdc:application-x-koan	_IRI
scheme:application-x-javascript	skos:exactMatch	fdc:application-x-javascript	_IRI
scheme:application-x-java-commerce	skos:exactMatch	fdc:application-x-java-commerce	_IRI
scheme:audio-tsp-audio	skos:exactMatch	fdc:audio-tsp-audio	_IRI
scheme:audio-s3m	skos:exactMatch	fdc:audio-s3m	_IRI
scheme:audio-ogg	skos:exactMatch	fdc:audio-ogg	_IRI
scheme:audio-nspaudio	skos:exactMatch	fdc:audio-nspaudio	_IRI
scheme:audio-mpeg	skos:exactMatch	fdc:audio-mpeg	_IRI
scheme:audio-mp3	skos:exactMatch	fdc:audio-mp3	_IRI
scheme:audio-mod	skos:exactMatch	fdc:audio-mod	_IRI
scheme:audio-midi	skos:exactMatch	fdc:audio-midi	_IRI
scheme:audio-mid	skos:exactMatch	fdc:audio-mid	_IRI
scheme:audio-make.my.funk	skos:exactMatch	fdc:audio-make.my.funk	_IRI
scheme:audio-make	skos:exactMatch	fdc:audio-make	_IRI
scheme:audio-it	skos:exactMatch	fdc:audio-it	_IRI
scheme:audio-basic	skos:exactMatch	fdc:audio-basic	_IRI
scheme:audio-aiff	skos:exactMatch	fdc:audio-aiff	_IRI
scheme:audio-aac	skos:exactMatch	fdc:audio-aac	_IRI
scheme:application-zip	skos:exactMatch	fdc:application-zip	_IRI
scheme:application-xml	skos:exactMatch	fdc:application-xml	_IRI
scheme:application-x-x509-user-cert	skos:exactMatch	fdc:application-x-x509-user-cert	_IRI
scheme:application-x-x509-ca-cert	skos:exactMatch	fdc:application-x-x509-ca-cert	_IRI
scheme:application-x-wri	skos:exactMatch	fdc:application-x-wri	_IRI
scheme:application-x-wpwin	skos:exactMatch	fdc:application-x-wpwin	_IRI
scheme:application-x-world	skos:exactMatch	fdc:application-x-world	_IRI
scheme:application-x-wintalk	skos:exactMatch	fdc:application-x-wintalk	_IRI
scheme:application-x-winhelp	skos:exactMatch	fdc:application-x-winhelp	_IRI
scheme:application-x-wais-source	skos:exactMatch	fdc:application-x-wais-source	_IRI
scheme:application-x-vrml	skos:exactMatch	fdc:application-x-vrml	_IRI
scheme:application-x-vnd.ls-xpix	skos:exactMatch	fdc:application-x-vnd.ls-xpix	_IRI
scheme:application-x-vnd.audioexplosion.mzz	skos:exactMatch	fdc:application-x-vnd.audioexplosion.mzz	_IRI
scheme:application-x-visio	skos:exactMatch	fdc:application-x-visio	_IRI
scheme:application-x-ustar	skos:exactMatch	fdc:application-x-ustar	_IRI
scheme:application-x-troff-msvideo	skos:exactMatch	fdc:application-x-troff-msvideo	_IRI
scheme:application-x-troff-ms	skos:exactMatch	fdc:application-x-troff-ms	_IRI
scheme:application-x-troff-me	skos:exactMatch	fdc:application-x-troff-me	_IRI
scheme:application-x-troff-man	skos:exactMatch	fdc:application-x-troff-man	_IRI
scheme:application-x-troff	skos:exactMatch	fdc:application-x-troff	_IRI
scheme:application-x-texinfo	skos:exactMatch	fdc:application-x-texinfo	_IRI
scheme:application-x-tex	skos:exactMatch	fdc:application-x-tex	_IRI
scheme:application-x-tcl	skos:exactMatch	fdc:application-x-tcl	_IRI
scheme:application-x-tbook	skos:exactMatch	fdc:application-x-tbook	_IRI
scheme:application-x-tar	skos:exactMatch	fdc:application-x-tar	_IRI
scheme:application-x-sv4crc	skos:exactMatch	fdc:application-x-sv4crc	_IRI
scheme:application-x-sv4cpio	skos:exactMatch	fdc:application-x-sv4cpio	_IRI
scheme:application-x-stuffit	skos:exactMatch	fdc:application-x-stuffit	_IRI
scheme:application-x-sprite	skos:exactMatch	fdc:application-x-sprite	_IRI
scheme:application-x-sit	skos:exactMatch	fdc:application-x-sit	_IRI
scheme:application-x-shockwave-flash	skos:exactMatch	fdc:application-x-shockwave-flash	_IRI
scheme:application-x-shar	skos:exactMatch	fdc:application-x-shar	_IRI
scheme:application-x-sh	skos:exactMatch	fdc:application-x-sh	_IRI
scheme:application-x-seelogo	skos:exactMatch	fdc:application-x-seelogo	_IRI
scheme:image-vasa	skos:exactMatch	fdc:image-vasa	_IRI
scheme:image-tiff	skos:exactMatch	fdc:image-tiff	_IRI
scheme:image-png	skos:exactMatch	fdc:image-png	_IRI
scheme:image-pjpeg	skos:exactMatch	fdc:image-pjpeg	_IRI
scheme:image-pict	skos:exactMatch	fdc:image-pict	_IRI
scheme:image-naplps	skos:exactMatch	fdc:image-naplps	_IRI
scheme:image-jutvision	skos:exactMatch	fdc:image-jutvision	_IRI
scheme:image-jpeg	skos:exactMatch	fdc:image-jpeg	_IRI
scheme:image-ief	skos:exactMatch	fdc:image-ief	_IRI
scheme:image-gif	skos:exactMatch	fdc:image-gif	_IRI
scheme:image-g3fax	skos:exactMatch	fdc:image-g3fax	_IRI
scheme:image-florian	skos:exactMatch	fdc:image-florian	_IRI
scheme:image-fif	skos:exactMatch	fdc:image-fif	_IRI
scheme:image-cmu-raster	skos:exactMatch	fdc:image-cmu-raster	_IRI
scheme:image-bmp	skos:exactMatch	fdc:image-bmp	_IRI
scheme:i-world-i-vrml	skos:exactMatch	fdc:i-world-i-vrml	_IRI
scheme:font-woff2	skos:exactMatch	fdc:font-woff2	_IRI
scheme:font-woff	skos:exactMatch	fdc:font-woff	_IRI
scheme:font-ttf	skos:exactMatch	fdc:font-ttf	_IRI
scheme:font-otf	skos:exactMatch	fdc:font-otf	_IRI
scheme:chemical-x-pdb	skos:exactMatch	fdc:chemical-x-pdb	_IRI
scheme:audio-xm	skos:exactMatch	fdc:audio-xm	_IRI
scheme:audio-x-wav	skos:exactMatch	fdc:audio-x-wav	_IRI
scheme:audio-x-voc	skos:exactMatch	fdc:audio-x-voc	_IRI
scheme:audio-x-vnd.audioexplosion.mjuicemediafile	skos:exactMatch	fdc:audio-x-vnd.audioexplosion.mjuicemediafile	_IRI
scheme:audio-x-twinvq-plugin	skos:exactMatch	fdc:audio-x-twinvq-plugin	_IRI
scheme:audio-x-twinvq	skos:exactMatch	fdc:audio-x-twinvq	_IRI
scheme:audio-x-realaudio	skos:exactMatch	fdc:audio-x-realaudio	_IRI
scheme:audio-x-psid	skos:exactMatch	fdc:audio-x-psid	_IRI
scheme:audio-x-pn-realaudio-plugin	skos:exactMatch	fdc:audio-x-pn-realaudio-plugin	_IRI
scheme:audio-x-pn-realaudio	skos:exactMatch	fdc:audio-x-pn-realaudio	_IRI
scheme:audio-x-nspaudio	skos:exactMatch	fdc:audio-x-nspaudio	_IRI
scheme:audio-x-mpequrl	skos:exactMatch	fdc:audio-x-mpequrl	_IRI
scheme:audio-x-mpeg	skos:exactMatch	fdc:audio-x-mpeg	_IRI
scheme:audio-x-mod	skos:exactMatch	fdc:audio-x-mod	_IRI
scheme:audio-x-midi	skos:exactMatch	fdc:audio-x-midi	_IRI
scheme:audio-x-mid	skos:exactMatch	fdc:audio-x-mid	_IRI
scheme:audio-x-liveaudio	skos:exactMatch	fdc:audio-x-liveaudio	_IRI
scheme:audio-x-jam	skos:exactMatch	fdc:audio-x-jam	_IRI
scheme:audio-x-gsm	skos:exactMatch	fdc:audio-x-gsm	_IRI
scheme:audio-x-au	skos:exactMatch	fdc:audio-x-au	_IRI
scheme:audio-x-aiff	skos:exactMatch	fdc:audio-x-aiff	_IRI
scheme:audio-x-adpcm	skos:exactMatch	fdc:audio-x-adpcm	_IRI
scheme:audio-webm	skos:exactMatch	fdc:audio-webm	_IRI
scheme:audio-wav	skos:exactMatch	fdc:audio-wav	_IRI
scheme:audio-voxware	skos:exactMatch	fdc:audio-voxware	_IRI
scheme:audio-voc	skos:exactMatch	fdc:audio-voc	_IRI
scheme:audio-vnd.qcelp	skos:exactMatch	fdc:audio-vnd.qcelp	_IRI
scheme:audio-tsplayer	skos:exactMatch	fdc:audio-tsplayer	_IRI
scheme:xgl-movie	skos:exactMatch	fdc:xgl-movie	_IRI
scheme:xgl-drawing	skos:exactMatch	fdc:xgl-drawing	_IRI
scheme:x-world-x-vrt	skos:exactMatch	fdc:x-world-x-vrt	_IRI
scheme:x-world-x-vrml	skos:exactMatch	fdc:x-world-x-vrml	_IRI
scheme:x-world-x-svr	skos:exactMatch	fdc:x-world-x-svr	_IRI
scheme:x-world-x-3dmf	skos:exactMatch	fdc:x-world-x-3dmf	_IRI
scheme:x-music-x-midi	skos:exactMatch	fdc:x-music-x-midi	_IRI
scheme:x-conference-x-cooltalk	skos:exactMatch	fdc:x-conference-x-cooltalk	_IRI
scheme:www-mime	skos:exactMatch	fdc:www-mime	_IRI
scheme:windows-metafile	skos:exactMatch	fdc:windows-metafile	_IRI
scheme:video-x-sgi-movie	skos:exactMatch	fdc:video-x-sgi-movie	_IRI
scheme:video-x-scm	skos:exactMatch	fdc:video-x-scm	_IRI
scheme:video-x-qtc	skos:exactMatch	fdc:video-x-qtc	_IRI
scheme:video-x-msvideo	skos:exactMatch	fdc:video-x-msvideo	_IRI
scheme:video-x-ms-asf-plugin	skos:exactMatch	fdc:video-x-ms-asf-plugin	_IRI
scheme:video-x-ms-asf	skos:exactMatch	fdc:video-x-ms-asf	_IRI
scheme:video-x-mpeq2a	skos:exactMatch	fdc:video-x-mpeq2a	_IRI
scheme:video-x-mpeg	skos:exactMatch	fdc:video-x-mpeg	_IRI
scheme:video-x-motion-jpeg	skos:exactMatch	fdc:video-x-motion-jpeg	_IRI
scheme:video-x-isvideo	skos:exactMatch	fdc:video-x-isvideo	_IRI
scheme:video-x-gl	skos:exactMatch	fdc:video-x-gl	_IRI
scheme:video-x-fli	skos:exactMatch	fdc:video-x-fli	_IRI
scheme:video-x-dv	skos:exactMatch	fdc:video-x-dv	_IRI
scheme:video-x-dl	skos:exactMatch	fdc:video-x-dl	_IRI
scheme:video-x-atomic3d-feature	skos:exactMatch	fdc:video-x-atomic3d-feature	_IRI
scheme:video-x-amt-showrun	skos:exactMatch	fdc:video-x-amt-showrun	_IRI
scheme:video-x-amt-demorun	skos:exactMatch	fdc:video-x-amt-demorun	_IRI
scheme:video-webm	skos:exactMatch	fdc:video-webm	_IRI
scheme:video-vosaic	skos:exactMatch	fdc:video-vosaic	_IRI
scheme:video-vnd.vivo	skos:exactMatch	fdc:video-vnd.vivo	_IRI
scheme:video-vnd.rn-realvideo	skos:exactMatch	fdc:video-vnd.rn-realvideo	_IRI
scheme:video-vivo	skos:exactMatch	fdc:video-vivo	_IRI
scheme:video-vdo	skos:exactMatch	fdc:video-vdo	_IRI
scheme:video-quicktime	skos:exactMatch	fdc:video-quicktime	_IRI
scheme:video-ogg	skos:exactMatch	fdc:video-ogg	_IRI
scheme:video-msvideo	skos:exactMatch	fdc:video-msvideo	_IRI
scheme:video-mpeg	skos:exactMatch	fdc:video-mpeg	_IRI
scheme:video-mp4	skos:exactMatch	fdc:video-mp4	_IRI
scheme:video-mp2t	skos:exactMatch	fdc:video-mp2t	_IRI
scheme:video-gl	skos:exactMatch	fdc:video-gl	_IRI
scheme:video-fli	skos:exactMatch	fdc:video-fli	_IRI
scheme:video-dl	skos:exactMatch	fdc:video-dl	_IRI
scheme:video-avs-video	skos:exactMatch	fdc:video-avs-video	_IRI
scheme:video-avi	skos:exactMatch	fdc:video-avi	_IRI
scheme:video-animaflex	skos:exactMatch	fdc:video-animaflex	_IRI
scheme:video-3gpp2	skos:exactMatch	fdc:video-3gpp2	_IRI
scheme:video-3gpp	skos:exactMatch	fdc:video-3gpp	_IRI
scheme:text-xml	skos:exactMatch	fdc:text-xml	_IRI
scheme:text-x-vcalendar	skos:exactMatch	fdc:text-x-vcalendar	_IRI
scheme:text-x-uuencode	skos:exactMatch	fdc:text-x-uuencode	_IRI
scheme:text-x-uil	skos:exactMatch	fdc:text-x-uil	_IRI
scheme:text-x-speech	skos:exactMatch	fdc:text-x-speech	_IRI
scheme:text-x-sgml	skos:exactMatch	fdc:text-x-sgml	_IRI
scheme:text-x-setext	skos:exactMatch	fdc:text-x-setext	_IRI
scheme:text-x-server-parsed-html	skos:exactMatch	fdc:text-x-server-parsed-html	_IRI
scheme:text-x-script.zsh	skos:exactMatch	fdc:text-x-script.zsh	_IRI
scheme:text-x-script.tcsh	skos:exactMatch	fdc:text-x-script.tcsh	_IRI
scheme:text-x-script.tcl	skos:exactMatch	fdc:text-x-script.tcl	_IRI
scheme:text-x-script.sh	skos:exactMatch	fdc:text-x-script.sh	_IRI
scheme:text-x-script.scheme	skos:exactMatch	fdc:text-x-script.scheme	_IRI
scheme:text-x-script.rexx	skos:exactMatch	fdc:text-x-script.rexx	_IRI
scheme:text-x-script.phyton	skos:exactMatch	fdc:text-x-script.phyton	_IRI
scheme:text-x-script.perl-module	skos:exactMatch	fdc:text-x-script.perl-module	_IRI
scheme:text-x-script.perl	skos:exactMatch	fdc:text-x-script.perl	_IRI
scheme:text-x-script.lisp	skos:exactMatch	fdc:text-x-script.lisp	_IRI
scheme:text-x-script.ksh	skos:exactMatch	fdc:text-x-script.ksh	_IRI
scheme:text-x-script.guile	skos:exactMatch	fdc:text-x-script.guile	_IRI
scheme:text-x-script.elisp	skos:exactMatch	fdc:text-x-script.elisp	_IRI
scheme:text-x-script.csh	skos:exactMatch	fdc:text-x-script.csh	_IRI
scheme:text-x-script	skos:exactMatch	fdc:text-x-script	_IRI
scheme:text-x-pascal	skos:exactMatch	fdc:text-x-pascal	_IRI
scheme:text-x-m	skos:exactMatch	fdc:text-x-m	_IRI
scheme:text-x-la-asf	skos:exactMatch	fdc:text-x-la-asf	_IRI
scheme:text-x-java-source	skos:exactMatch	fdc:text-x-java-source	_IRI
scheme:text-x-h	skos:exactMatch	fdc:text-x-h	_IRI
scheme:text-x-fortran	skos:exactMatch	fdc:text-x-fortran	_IRI
scheme:text-x-component	skos:exactMatch	fdc:text-x-component	_IRI
scheme:text-x-c	skos:exactMatch	fdc:text-x-c	_IRI
scheme:text-x-audiosoft-intra	skos:exactMatch	fdc:text-x-audiosoft-intra	_IRI
scheme:text-x-asm	skos:exactMatch	fdc:text-x-asm	_IRI
scheme:text-webviewhtml	skos:exactMatch	fdc:text-webviewhtml	_IRI
scheme:text-vnd.wap.wmlscript	skos:exactMatch	fdc:text-vnd.wap.wmlscript	_IRI
scheme:text-vnd.wap.wml	skos:exactMatch	fdc:text-vnd.wap.wml	_IRI
scheme:text-vnd.rn-realtext	skos:exactMatch	fdc:text-vnd.rn-realtext	_IRI
scheme:text-vnd.fmi.flexstor	skos:exactMatch	fdc:text-vnd.fmi.flexstor	_IRI
scheme:text-vnd.abc	skos:exactMatch	fdc:text-vnd.abc	_IRI
scheme:text-uri-list	skos:exactMatch	fdc:text-uri-list	_IRI
scheme:text-tab-separated-values	skos:exactMatch	fdc:text-tab-separated-values	_IRI
scheme:text-sgml	skos:exactMatch	fdc:text-sgml	_IRI
scheme:text-scriplet	skos:exactMatch	fdc:text-scriplet	_IRI
scheme:text-richtext	skos:exactMatch	fdc:text-richtext	_IRI
scheme:text-plain	skos:exactMatch	fdc:text-plain	_IRI
scheme:text-pascal	skos:exactMatch	fdc:text-pascal	_IRI
scheme:text-mcf	skos:exactMatch	fdc:text-mcf	_IRI
scheme:text-javascript	skos:exactMatch	fdc:text-javascript	_IRI
scheme:text-html	skos:exactMatch	fdc:text-html	_IRI
scheme:text-fb2	skos:exactMatch	fdc:text-fb2	_IRI
scheme:text-ecmascript	skos:exactMatch	fdc:text-ecmascript	_IRI
scheme:text-csv	skos:exactMatch	fdc:text-csv	_IRI
scheme:text-css	skos:exactMatch	fdc:text-css	_IRI
scheme:text-calendar	skos:exactMatch	fdc:text-calendar	_IRI
scheme:text-asp	skos:exactMatch	fdc:text-asp	_IRI
scheme:paleovu-x-pv	skos:exactMatch	fdc:paleovu-x-pv	_IRI
scheme:music-x-karaoke	skos:exactMatch	fdc:music-x-karaoke	_IRI
scheme:music-crescendo	skos:exactMatch	fdc:music-crescendo	_IRI
scheme:multipart-x-ustar	skos:exactMatch	fdc:multipart-x-ustar	_IRI
scheme:multipart-x-gzip	skos:exactMatch	fdc:multipart-x-gzip	_IRI
scheme:model-x-pov	skos:exactMatch	fdc:model-x-pov	_IRI
scheme:model-vrml	skos:exactMatch	fdc:model-vrml	_IRI
scheme:model-vnd.dwf	skos:exactMatch	fdc:model-vnd.dwf	_IRI
scheme:model-iges	skos:exactMatch	fdc:model-iges	_IRI
scheme:message-rfc822	skos:exactMatch	fdc:message-rfc822	_IRI
scheme:image-xpm	skos:exactMatch	fdc:image-xpm	_IRI
scheme:image-xbm	skos:exactMatch	fdc:image-xbm	_IRI
scheme:image-x-xwindowdump	skos:exactMatch	fdc:image-x-xwindowdump	_IRI
scheme:image-x-xwd	skos:exactMatch	fdc:image-x-xwd	_IRI
scheme:image-x-xpixmap	skos:exactMatch	fdc:image-x-xpixmap	_IRI
scheme:image-x-xbm	skos:exactMatch	fdc:image-x-xbm	_IRI
scheme:image-x-xbitmap	skos:exactMatch	fdc:image-x-xbitmap	_IRI
scheme:image-x-windows-bmp	skos:exactMatch	fdc:image-x-windows-bmp	_IRI
scheme:image-x-tiff	skos:exactMatch	fdc:image-x-tiff	_IRI
scheme:image-x-rgb	skos:exactMatch	fdc:image-x-rgb	_IRI
scheme:image-x-quicktime	skos:exactMatch	fdc:image-x-quicktime	_IRI
scheme:image-x-portable-pixmap	skos:exactMatch	fdc:image-x-portable-pixmap	_IRI
scheme:image-x-portable-greymap	skos:exactMatch	fdc:image-x-portable-greymap	_IRI
scheme:image-x-portable-graymap	skos:exactMatch	fdc:image-x-portable-graymap	_IRI
scheme:image-x-portable-bitmap	skos:exactMatch	fdc:image-x-portable-bitmap	_IRI
scheme:image-x-portable-anymap	skos:exactMatch	fdc:image-x-portable-anymap	_IRI
scheme:image-x-pict	skos:exactMatch	fdc:image-x-pict	_IRI
scheme:image-x-pcx	skos:exactMatch	fdc:image-x-pcx	_IRI
scheme:image-x-niff	skos:exactMatch	fdc:image-x-niff	_IRI
scheme:image-x-jps	skos:exactMatch	fdc:image-x-jps	_IRI
scheme:image-x-jg	skos:exactMatch	fdc:image-x-jg	_IRI
scheme:image-x-icon	skos:exactMatch	fdc:image-x-icon	_IRI
scheme:image-x-dwg	skos:exactMatch	fdc:image-x-dwg	_IRI
scheme:image-x-cmu-raster	skos:exactMatch	fdc:image-x-cmu-raster	_IRI
scheme:image-webp	skos:exactMatch	fdc:image-webp	_IRI
scheme:image-vnd.xiff	skos:exactMatch	fdc:image-vnd.xiff	_IRI
scheme:image-vnd.wap.wbmp	skos:exactMatch	fdc:image-vnd.wap.wbmp	_IRI
scheme:image-vnd.rn-realpix	skos:exactMatch	fdc:image-vnd.rn-realpix	_IRI
scheme:image-vnd.rn-realflash	skos:exactMatch	fdc:image-vnd.rn-realflash	_IRI
scheme:image-vnd.net-fpx	skos:exactMatch	fdc:image-vnd.net-fpx	_IRI
scheme:image-vnd.microsoft.icon	skos:exactMatch	fdc:image-vnd.microsoft.icon	_IRI
scheme:image-vnd.fpx	skos:exactMatch	fdc:image-vnd.fpx	_IRI
scheme:image-vnd.dwg	skos:exactMatch	fdc:image-vnd.dwg	_IRI
scheme:image-vnd.djvu	skos:exactMatch	fdc:image-vnd.djvu	_IRI
