scheme:RelatedPerson	skos:inScheme	scheme:	_IRI
scheme:RegistrationAuthority	skos:inScheme	scheme:	_IRI
scheme:RegistrationAgency	skos:inScheme	scheme:	_IRI
scheme:ProjectMember	skos:inScheme	scheme:	_IRI
scheme:ProjectManager	skos:inScheme	scheme:	_IRI
scheme:ContactPI	skos:inScheme	scheme:	_IRI
scheme:DataPI	skos:inScheme	scheme:	_IRI
scheme:PI	skos:inScheme	scheme:	_IRI
scheme:ProjectLeader	skos:inScheme	scheme:	_IRI
scheme:Producer	skos:inScheme	scheme:	_IRI
scheme:HostingInstitution	skos:inScheme	scheme:	_IRI
scheme:Editor	skos:inScheme	scheme:	_IRI
scheme:Distributor	skos:inScheme	scheme:	_IRI
scheme:DataManager	skos:inScheme	scheme:	_IRI
scheme:DataCurator	skos:inScheme	scheme:	_IRI
scheme:DataCollector	skos:inScheme	scheme:	_IRI
scheme:ContactPerson	skos:inScheme	scheme:	_IRI
scheme:ContributorRole	skos:inScheme	scheme:	_IRI
scheme:OtherResource	skos:inScheme	scheme:	_IRI
scheme:Workflow	skos:inScheme	scheme:	_IRI
scheme:Text	skos:inScheme	scheme:	_IRI
scheme:Sound	skos:inScheme	scheme:	_IRI
scheme:Software	skos:inScheme	scheme:	_IRI
scheme:Service	skos:inScheme	scheme:	_IRI
scheme:PhysicalObject	skos:inScheme	scheme:	_IRI
scheme:Model	skos:inScheme	scheme:	_IRI
scheme:InteractiveResource	skos:inScheme	scheme:	_IRI
scheme:Image	skos:inScheme	scheme:	_IRI
scheme:Event	skos:inScheme	scheme:	_IRI
scheme:DataStream	skos:inScheme	scheme:	_IRI
scheme:Dataset	skos:inScheme	scheme:	_IRI
scheme:DataCatalog	skos:inScheme	scheme:	_IRI
scheme:DataPaper	skos:inScheme	scheme:	_IRI
scheme:Collection	skos:inScheme	scheme:	_IRI
scheme:Audiovisual	skos:inScheme	scheme:	_IRI
scheme:ResourceTypeCategory	skos:inScheme	scheme:	_IRI
scheme:IRI	skos:inScheme	scheme:	_IRI
scheme:w3id	skos:inScheme	scheme:	_IRI
scheme:URN	skos:inScheme	scheme:	_IRI
scheme:URL	skos:inScheme	scheme:	_IRI
scheme:URI	skos:inScheme	scheme:	_IRI
scheme:UPC	skos:inScheme	scheme:	_IRI
scheme:PURL	skos:inScheme	scheme:	_IRI
scheme:PMID	skos:inScheme	scheme:	_IRI
scheme:LSID	skos:inScheme	scheme:	_IRI
scheme:LISSN	skos:inScheme	scheme:	_IRI
scheme:ISTC	skos:inScheme	scheme:	_IRI
scheme:ISSN	skos:inScheme	scheme:	_IRI
scheme:ISBN	skos:inScheme	scheme:	_IRI
scheme:IGSN	skos:inScheme	scheme:	_IRI
scheme:Handle	skos:inScheme	scheme:	_IRI
scheme:EISSN	skos:inScheme	scheme:	_IRI
scheme:EAN13	skos:inScheme	scheme:	_IRI
scheme:UEI	skos:inScheme	scheme:	_IRI
scheme:DOI	skos:inScheme	scheme:	_IRI
scheme:bibcode	skos:inScheme	scheme:	_IRI
scheme:arXiv	skos:inScheme	scheme:	_IRI
scheme:ARK	skos:inScheme	scheme:	_IRI
scheme:IdentifierType	skos:inScheme	scheme:	_IRI
scheme:Withdrawn	skos:inScheme	scheme:	_IRI
scheme:Valid	skos:inScheme	scheme:	_IRI
scheme:Updated	skos:inScheme	scheme:	_IRI
scheme:Submitted	skos:inScheme	scheme:	_IRI
scheme:Issued	skos:inScheme	scheme:	_IRI
scheme:Created	skos:inScheme	scheme:	_IRI
scheme:Collected	skos:inScheme	scheme:	_IRI
scheme:Copyrighted	skos:inScheme	scheme:	_IRI
scheme:Available	skos:inScheme	scheme:	_IRI
scheme:Accepted	skos:inScheme	scheme:	_IRI
scheme:Published	skos:inScheme	scheme:	_IRI
scheme:DateType	skos:inScheme	scheme:	_IRI
scheme:OtherRole	skos:inScheme	scheme:	_IRI
scheme:WorkPackageLeader	skos:inScheme	scheme:	_IRI
scheme:Supervisor	skos:inScheme	scheme:	_IRI
scheme:Sponsor	skos:inScheme	scheme:	_IRI
scheme:RightsHolder	skos:inScheme	scheme:	_IRI
scheme:ResearchGroup	skos:inScheme	scheme:	_IRI
scheme:Researcher	skos:inScheme	scheme:	_IRI
<https://isni.org>	skos:inScheme	scheme:	_IRI
<https://www.grid.ac>	skos:inScheme	scheme:	_IRI
<https://ror.org>	skos:inScheme	scheme:	_IRI
<https://www.linkedin.com>	skos:inScheme	scheme:	_IRI
<http://www.researcherid.com>	skos:inScheme	scheme:	_IRI
<https://www.scopus.com>	skos:inScheme	scheme:	_IRI
<https://orcid.org>	skos:inScheme	scheme:	_IRI
scheme:IdentifierScheme	skos:inScheme	scheme:	_IRI
scheme:Organization	skos:inScheme	scheme:	_IRI
scheme:Person	skos:inScheme	scheme:	_IRI
scheme:ResourceCreatorType	skos:inScheme	scheme:	_IRI
scheme:AFL1.1	skos:inScheme	scheme:	_IRI
scheme:ADSL	skos:inScheme	scheme:	_IRI
scheme:AdobeGlyph	skos:inScheme	scheme:	_IRI
scheme:Adobe2006	skos:inScheme	scheme:	_IRI
scheme:Abstyles	skos:inScheme	scheme:	_IRI
scheme:AAL	skos:inScheme	scheme:	_IRI
scheme:0BSD	skos:inScheme	scheme:	_IRI
scheme:LicenseIdentifier	skos:inScheme	scheme:	_IRI
scheme:BSD3Clause	skos:inScheme	scheme:	_IRI
scheme:BSD2ClauseViews	skos:inScheme	scheme:	_IRI
scheme:BSD2ClausePatent	skos:inScheme	scheme:	_IRI
scheme:BSD2Clause	skos:inScheme	scheme:	_IRI
scheme:BSD1Clause	skos:inScheme	scheme:	_IRI
scheme:Borceux	skos:inScheme	scheme:	_IRI
scheme:BlueOak1.0.0	skos:inScheme	scheme:	_IRI
scheme:blessing	skos:inScheme	scheme:	_IRI
scheme:BitTorrent1.1	skos:inScheme	scheme:	_IRI
scheme:BitTorrent1.0	skos:inScheme	scheme:	_IRI
scheme:Beerware	skos:inScheme	scheme:	_IRI
scheme:Barr	skos:inScheme	scheme:	_IRI
scheme:Bahyph	skos:inScheme	scheme:	_IRI
scheme:Artistic2.0	skos:inScheme	scheme:	_IRI
scheme:Artistic1.0Perl	skos:inScheme	scheme:	_IRI
scheme:Artistic1.0cl8	skos:inScheme	scheme:	_IRI
scheme:Artistic1.0	skos:inScheme	scheme:	_IRI
scheme:APSL2.0	skos:inScheme	scheme:	_IRI
scheme:APSL1.2	skos:inScheme	scheme:	_IRI
scheme:APSL1.1	skos:inScheme	scheme:	_IRI
scheme:APSL1.0	skos:inScheme	scheme:	_IRI
scheme:APL1.0	skos:inScheme	scheme:	_IRI
scheme:APAFML	skos:inScheme	scheme:	_IRI
scheme:Apache2.0	skos:inScheme	scheme:	_IRI
scheme:Apache1.1	skos:inScheme	scheme:	_IRI
scheme:Apache1.0	skos:inScheme	scheme:	_IRI
scheme:ANTLRPDfallback	skos:inScheme	scheme:	_IRI
scheme:ANTLRPD	skos:inScheme	scheme:	_IRI
scheme:AMPAS	skos:inScheme	scheme:	_IRI
scheme:AML	skos:inScheme	scheme:	_IRI
scheme:AMDPLPA	skos:inScheme	scheme:	_IRI
scheme:Aladdin	skos:inScheme	scheme:	_IRI
scheme:AGPL3.0orlater	skos:inScheme	scheme:	_IRI
scheme:AGPL3.0only	skos:inScheme	scheme:	_IRI
scheme:AGPL1.0orlater	skos:inScheme	scheme:	_IRI
scheme:AGPL1.0only	skos:inScheme	scheme:	_IRI
scheme:Afmparse	skos:inScheme	scheme:	_IRI
scheme:AFL3.0	skos:inScheme	scheme:	_IRI
scheme:AFL2.1	skos:inScheme	scheme:	_IRI
scheme:AFL2.0	skos:inScheme	scheme:	_IRI
scheme:AFL1.2	skos:inScheme	scheme:	_IRI
scheme:CCBYNCSA4.0	skos:inScheme	scheme:	_IRI
scheme:CCBYNCSA3.0	skos:inScheme	scheme:	_IRI
scheme:CCBYNCSA2.5	skos:inScheme	scheme:	_IRI
scheme:CCBYNCSA2.0	skos:inScheme	scheme:	_IRI
scheme:CCBYNCSA1.0	skos:inScheme	scheme:	_IRI
scheme:CCBYNCND4.0	skos:inScheme	scheme:	_IRI
scheme:CCBYNCND3.0IGO	skos:inScheme	scheme:	_IRI
scheme:CCBYNCND3.0	skos:inScheme	scheme:	_IRI
scheme:CCBYNCND2.5	skos:inScheme	scheme:	_IRI
scheme:CCBYNCND2.0	skos:inScheme	scheme:	_IRI
scheme:CCBYNCND1.0	skos:inScheme	scheme:	_IRI
scheme:CCBYNC4.0	skos:inScheme	scheme:	_IRI
scheme:CCBYNC3.0	skos:inScheme	scheme:	_IRI
scheme:CCBYNC2.5	skos:inScheme	scheme:	_IRI
scheme:CCBYNC2.0	skos:inScheme	scheme:	_IRI
scheme:CCBYNC1.0	skos:inScheme	scheme:	_IRI
scheme:CCBY4.0	skos:inScheme	scheme:	_IRI
scheme:CCBY3.0US	skos:inScheme	scheme:	_IRI
scheme:CCBY3.0AT	skos:inScheme	scheme:	_IRI
scheme:CCBY3.0	skos:inScheme	scheme:	_IRI
scheme:CCBY2.5	skos:inScheme	scheme:	_IRI
scheme:CCBY2.0	skos:inScheme	scheme:	_IRI
scheme:CCBY1.0	skos:inScheme	scheme:	_IRI
scheme:CATOSL1.1	skos:inScheme	scheme:	_IRI
scheme:Caldera	skos:inScheme	scheme:	_IRI
scheme:CAL1.0CombinedWorkException	skos:inScheme	scheme:	_IRI
scheme:CAL1.0	skos:inScheme	scheme:	_IRI
scheme:bzip21.0.6	skos:inScheme	scheme:	_IRI
scheme:bzip21.0.5	skos:inScheme	scheme:	_IRI
scheme:BUSL1.1	skos:inScheme	scheme:	_IRI
scheme:BSL1.0	skos:inScheme	scheme:	_IRI
scheme:BSDSourceCode	skos:inScheme	scheme:	_IRI
scheme:BSDProtection	skos:inScheme	scheme:	_IRI
scheme:BSD4ClauseUC	skos:inScheme	scheme:	_IRI
scheme:BSD4Clause	skos:inScheme	scheme:	_IRI
scheme:BSD3ClauseOpenMPI	skos:inScheme	scheme:	_IRI
scheme:BSD3ClauseNoNuclearWarranty	skos:inScheme	scheme:	_IRI
scheme:BSD3ClauseNoNuclearLicense2014	skos:inScheme	scheme:	_IRI
scheme:BSD3ClauseNoNuclearLicense	skos:inScheme	scheme:	_IRI
scheme:BSD3ClauseLBNL	skos:inScheme	scheme:	_IRI
scheme:BSD3ClauseClear	skos:inScheme	scheme:	_IRI
scheme:BSD3ClauseAttribution	skos:inScheme	scheme:	_IRI
scheme:CUAOPL1.0	skos:inScheme	scheme:	_IRI
scheme:CrystalStacker	skos:inScheme	scheme:	_IRI
scheme:Crossword	skos:inScheme	scheme:	_IRI
scheme:CPOL1.02	skos:inScheme	scheme:	_IRI
scheme:CPL1.0	skos:inScheme	scheme:	_IRI
scheme:CPAL1.0	skos:inScheme	scheme:	_IRI
scheme:copyleftnext0.3.1	skos:inScheme	scheme:	_IRI
scheme:copyleftnext0.3.0	skos:inScheme	scheme:	_IRI
scheme:Condor1.1	skos:inScheme	scheme:	_IRI
scheme:CNRIPythonGPLCompatible	skos:inScheme	scheme:	_IRI
scheme:CNRIPython	skos:inScheme	scheme:	_IRI
scheme:CNRIJython	skos:inScheme	scheme:	_IRI
scheme:ClArtistic	skos:inScheme	scheme:	_IRI
scheme:CERNOHLW2.0	skos:inScheme	scheme:	_IRI
scheme:CERNOHLS2.0	skos:inScheme	scheme:	_IRI
scheme:CERNOHLP2.0	skos:inScheme	scheme:	_IRI
scheme:CERNOHL1.2	skos:inScheme	scheme:	_IRI
scheme:CERNOHL1.1	skos:inScheme	scheme:	_IRI
scheme:CECILLC	skos:inScheme	scheme:	_IRI
scheme:CECILLB	skos:inScheme	scheme:	_IRI
scheme:CECILL2.1	skos:inScheme	scheme:	_IRI
scheme:CECILL2.0	skos:inScheme	scheme:	_IRI
scheme:CECILL1.1	skos:inScheme	scheme:	_IRI
scheme:CECILL1.0	skos:inScheme	scheme:	_IRI
scheme:CDLASharing1.0	skos:inScheme	scheme:	_IRI
scheme:CDLAPermissive1.0	skos:inScheme	scheme:	_IRI
scheme:CDDL1.1	skos:inScheme	scheme:	_IRI
scheme:CDDL1.0	skos:inScheme	scheme:	_IRI
scheme:CC01.0	skos:inScheme	scheme:	_IRI
scheme:CCPDDC	skos:inScheme	scheme:	_IRI
scheme:CCBYSA4.0	skos:inScheme	scheme:	_IRI
scheme:CCBYSA3.0AT	skos:inScheme	scheme:	_IRI
scheme:CCBYSA3.0	skos:inScheme	scheme:	_IRI
scheme:CCBYSA2.5	skos:inScheme	scheme:	_IRI
scheme:CCBYSA2.0UK	skos:inScheme	scheme:	_IRI
scheme:CCBYSA2.0	skos:inScheme	scheme:	_IRI
scheme:CCBYSA1.0	skos:inScheme	scheme:	_IRI
scheme:CCBYND4.0	skos:inScheme	scheme:	_IRI
scheme:CCBYND3.0	skos:inScheme	scheme:	_IRI
scheme:CCBYND2.5	skos:inScheme	scheme:	_IRI
scheme:CCBYND2.0	skos:inScheme	scheme:	_IRI
scheme:CCBYND1.0	skos:inScheme	scheme:	_IRI
scheme:GFDL1.2noinvariantsorlater	skos:inScheme	scheme:	_IRI
scheme:GFDL1.2noinvariantsonly	skos:inScheme	scheme:	_IRI
scheme:GFDL1.2invariantsorlater	skos:inScheme	scheme:	_IRI
scheme:GFDL1.2invariantsonly	skos:inScheme	scheme:	_IRI
scheme:GFDL1.1orlater	skos:inScheme	scheme:	_IRI
scheme:GFDL1.1only	skos:inScheme	scheme:	_IRI
scheme:GFDL1.1noinvariantsorlater	skos:inScheme	scheme:	_IRI
scheme:GFDL1.1noinvariantsonly	skos:inScheme	scheme:	_IRI
scheme:GFDL1.1invariantsorlater	skos:inScheme	scheme:	_IRI
scheme:GFDL1.1invariantsonly	skos:inScheme	scheme:	_IRI
scheme:FTL	skos:inScheme	scheme:	_IRI
scheme:FSFULLR	skos:inScheme	scheme:	_IRI
scheme:FSFUL	skos:inScheme	scheme:	_IRI
scheme:FSFAP	skos:inScheme	scheme:	_IRI
scheme:FreeImage	skos:inScheme	scheme:	_IRI
scheme:Frameworx1.0	skos:inScheme	scheme:	_IRI
scheme:Fair	skos:inScheme	scheme:	_IRI
scheme:Eurosym	skos:inScheme	scheme:	_IRI
scheme:EUPL1.2	skos:inScheme	scheme:	_IRI
scheme:EUPL1.1	skos:inScheme	scheme:	_IRI
scheme:EUPL1.0	skos:inScheme	scheme:	_IRI
scheme:EUDatagrid	skos:inScheme	scheme:	_IRI
scheme:etalab2.0	skos:inScheme	scheme:	_IRI
scheme:ErlPL1.1	skos:inScheme	scheme:	_IRI
scheme:EPL2.0	skos:inScheme	scheme:	_IRI
scheme:EPL1.0	skos:inScheme	scheme:	_IRI
scheme:EPICS	skos:inScheme	scheme:	_IRI
scheme:Entessa	skos:inScheme	scheme:	_IRI
scheme:eGenix	skos:inScheme	scheme:	_IRI
scheme:EFL2.0	skos:inScheme	scheme:	_IRI
scheme:EFL1.0	skos:inScheme	scheme:	_IRI
scheme:ECL2.0	skos:inScheme	scheme:	_IRI
scheme:ECL1.0	skos:inScheme	scheme:	_IRI
scheme:dvipdfm	skos:inScheme	scheme:	_IRI
scheme:DSDP	skos:inScheme	scheme:	_IRI
scheme:Dotseqn	skos:inScheme	scheme:	_IRI
scheme:DOC	skos:inScheme	scheme:	_IRI
scheme:diffmark	skos:inScheme	scheme:	_IRI
scheme:DFSL1.0	skos:inScheme	scheme:	_IRI
scheme:curl	skos:inScheme	scheme:	_IRI
scheme:Cube	skos:inScheme	scheme:	_IRI
scheme:JSON	skos:inScheme	scheme:	_IRI
scheme:JPNIC	skos:inScheme	scheme:	_IRI
scheme:JasPer2.0	skos:inScheme	scheme:	_IRI
scheme:ISC	skos:inScheme	scheme:	_IRI
scheme:IPL1.0	skos:inScheme	scheme:	_IRI
scheme:IPA	skos:inScheme	scheme:	_IRI
scheme:Interbase1.0	skos:inScheme	scheme:	_IRI
scheme:IntelACPI	skos:inScheme	scheme:	_IRI
scheme:Intel	skos:inScheme	scheme:	_IRI
scheme:InfoZIP	skos:inScheme	scheme:	_IRI
scheme:Imlib2	skos:inScheme	scheme:	_IRI
scheme:iMatix	skos:inScheme	scheme:	_IRI
scheme:ImageMagick	skos:inScheme	scheme:	_IRI
scheme:IJG	skos:inScheme	scheme:	_IRI
scheme:ICU	skos:inScheme	scheme:	_IRI
scheme:IBMpibs	skos:inScheme	scheme:	_IRI
scheme:HTMLTIDY	skos:inScheme	scheme:	_IRI
scheme:HPNDsellvariant	skos:inScheme	scheme:	_IRI
scheme:HPND	skos:inScheme	scheme:	_IRI
scheme:Hippocratic2.1	skos:inScheme	scheme:	_IRI
scheme:HaskellReport	skos:inScheme	scheme:	_IRI
scheme:gSOAP1.3b	skos:inScheme	scheme:	_IRI
scheme:GPL3.0orlater	skos:inScheme	scheme:	_IRI
scheme:GPL3.0only	skos:inScheme	scheme:	_IRI
scheme:GPL2.0orlater	skos:inScheme	scheme:	_IRI
scheme:GPL2.0only	skos:inScheme	scheme:	_IRI
scheme:GPL1.0orlater	skos:inScheme	scheme:	_IRI
scheme:GPL1.0only	skos:inScheme	scheme:	_IRI
scheme:gnuplot	skos:inScheme	scheme:	_IRI
scheme:GLWTPL	skos:inScheme	scheme:	_IRI
scheme:Glulxe	skos:inScheme	scheme:	_IRI
scheme:Glide	skos:inScheme	scheme:	_IRI
scheme:GL2PS	skos:inScheme	scheme:	_IRI
scheme:Giftware	skos:inScheme	scheme:	_IRI
scheme:GFDL1.3orlater	skos:inScheme	scheme:	_IRI
scheme:GFDL1.3only	skos:inScheme	scheme:	_IRI
scheme:GFDL1.3noinvariantsorlater	skos:inScheme	scheme:	_IRI
scheme:GFDL1.3noinvariantsonly	skos:inScheme	scheme:	_IRI
scheme:GFDL1.3invariantsorlater	skos:inScheme	scheme:	_IRI
scheme:GFDL1.3invariantsonly	skos:inScheme	scheme:	_IRI
scheme:GFDL1.2orlater	skos:inScheme	scheme:	_IRI
scheme:GFDL1.2only	skos:inScheme	scheme:	_IRI
scheme:MPL2.0nocopyleftexception	skos:inScheme	scheme:	_IRI
scheme:MPL2.0	skos:inScheme	scheme:	_IRI
scheme:MPL1.1	skos:inScheme	scheme:	_IRI
scheme:MPL1.0	skos:inScheme	scheme:	_IRI
scheme:mpich2	skos:inScheme	scheme:	_IRI
scheme:Motosoto	skos:inScheme	scheme:	_IRI
scheme:MITNFA	skos:inScheme	scheme:	_IRI
scheme:MITopengroup	skos:inScheme	scheme:	_IRI
scheme:MITfeh	skos:inScheme	scheme:	_IRI
scheme:MITenna	skos:inScheme	scheme:	_IRI
scheme:MITCMU	skos:inScheme	scheme:	_IRI
scheme:MITadvertising	skos:inScheme	scheme:	_IRI
scheme:MIT0	skos:inScheme	scheme:	_IRI
scheme:MIT	skos:inScheme	scheme:	_IRI
scheme:MirOS	skos:inScheme	scheme:	_IRI
scheme:MakeIndex	skos:inScheme	scheme:	_IRI
scheme:LPPL1.3c	skos:inScheme	scheme:	_IRI
scheme:LPPL1.3a	skos:inScheme	scheme:	_IRI
scheme:LPPL1.2	skos:inScheme	scheme:	_IRI
scheme:LPPL1.1	skos:inScheme	scheme:	_IRI
scheme:LPPL1.0	skos:inScheme	scheme:	_IRI
scheme:LPL1.02	skos:inScheme	scheme:	_IRI
scheme:LPL1.0	skos:inScheme	scheme:	_IRI
scheme:LinuxOpenIB	skos:inScheme	scheme:	_IRI
scheme:LiLiQRplus1.1	skos:inScheme	scheme:	_IRI
scheme:LiLiQR1.1	skos:inScheme	scheme:	_IRI
scheme:LiLiQP1.1	skos:inScheme	scheme:	_IRI
scheme:libtiff	skos:inScheme	scheme:	_IRI
scheme:libselinux1.0	skos:inScheme	scheme:	_IRI
scheme:libpng2.0	skos:inScheme	scheme:	_IRI
scheme:Libpng	skos:inScheme	scheme:	_IRI
scheme:LGPLLR	skos:inScheme	scheme:	_IRI
scheme:LGPL3.0orlater	skos:inScheme	scheme:	_IRI
scheme:LGPL3.0only	skos:inScheme	scheme:	_IRI
scheme:LGPL2.1orlater	skos:inScheme	scheme:	_IRI
scheme:LGPL2.1only	skos:inScheme	scheme:	_IRI
scheme:LGPL2.0orlater	skos:inScheme	scheme:	_IRI
scheme:LGPL2.0only	skos:inScheme	scheme:	_IRI
scheme:Leptonica	skos:inScheme	scheme:	_IRI
scheme:Latex2e	skos:inScheme	scheme:	_IRI
scheme:LAL1.3	skos:inScheme	scheme:	_IRI
scheme:LAL1.2	skos:inScheme	scheme:	_IRI
scheme:OGC1.0	skos:inScheme	scheme:	_IRI
scheme:OFL1.1RFN	skos:inScheme	scheme:	_IRI
scheme:OFL1.1noRFN	skos:inScheme	scheme:	_IRI
scheme:OFL1.1	skos:inScheme	scheme:	_IRI
scheme:OFL1.0RFN	skos:inScheme	scheme:	_IRI
scheme:OFL1.0noRFN	skos:inScheme	scheme:	_IRI
scheme:OFL1.0	skos:inScheme	scheme:	_IRI
scheme:ODCBy1.0	skos:inScheme	scheme:	_IRI
scheme:ODbL1.0	skos:inScheme	scheme:	_IRI
scheme:OCLC2.0	skos:inScheme	scheme:	_IRI
scheme:OCCTPL	skos:inScheme	scheme:	_IRI
scheme:OUDA1.0	skos:inScheme	scheme:	_IRI
scheme:NTP0	skos:inScheme	scheme:	_IRI
scheme:NTP	skos:inScheme	scheme:	_IRI
scheme:NRL	skos:inScheme	scheme:	_IRI
scheme:NPOSL3.0	skos:inScheme	scheme:	_IRI
scheme:NPL1.1	skos:inScheme	scheme:	_IRI
scheme:NPL1.0	skos:inScheme	scheme:	_IRI
scheme:Noweb	skos:inScheme	scheme:	_IRI
scheme:NOSL	skos:inScheme	scheme:	_IRI
scheme:Nokia	skos:inScheme	scheme:	_IRI
scheme:NLPL	skos:inScheme	scheme:	_IRI
scheme:NLOD1.0	skos:inScheme	scheme:	_IRI
scheme:NISTPDfallback	skos:inScheme	scheme:	_IRI
scheme:NISTPD	skos:inScheme	scheme:	_IRI
scheme:NGPL	skos:inScheme	scheme:	_IRI
scheme:Newsletr	skos:inScheme	scheme:	_IRI
scheme:NetCDF	skos:inScheme	scheme:	_IRI
scheme:NetSNMP	skos:inScheme	scheme:	_IRI
scheme:NCSA	skos:inScheme	scheme:	_IRI
scheme:NCGLUK2.0	skos:inScheme	scheme:	_IRI
scheme:NBPL1.0	skos:inScheme	scheme:	_IRI
scheme:Naumen	skos:inScheme	scheme:	_IRI
scheme:NASA1.3	skos:inScheme	scheme:	_IRI
scheme:Mup	skos:inScheme	scheme:	_IRI
scheme:Multics	skos:inScheme	scheme:	_IRI
scheme:MulanPSL2.0	skos:inScheme	scheme:	_IRI
scheme:MulanPSL1.0	skos:inScheme	scheme:	_IRI
scheme:MTLL	skos:inScheme	scheme:	_IRI
scheme:MSRL	skos:inScheme	scheme:	_IRI
scheme:MSPL	skos:inScheme	scheme:	_IRI
scheme:psutils	skos:inScheme	scheme:	_IRI
scheme:psfrag	skos:inScheme	scheme:	_IRI
scheme:PSF2.0	skos:inScheme	scheme:	_IRI
scheme:PostgreSQL	skos:inScheme	scheme:	_IRI
scheme:PolyFormSmallBusiness1.0.0	skos:inScheme	scheme:	_IRI
scheme:PolyFormNoncommercial1.0.0	skos:inScheme	scheme:	_IRI
scheme:Plexus	skos:inScheme	scheme:	_IRI
scheme:PHP3.01	skos:inScheme	scheme:	_IRI
scheme:PHP3.0	skos:inScheme	scheme:	_IRI
scheme:PDDL1.0	skos:inScheme	scheme:	_IRI
scheme:Parity7.0.0	skos:inScheme	scheme:	_IRI
scheme:Parity6.0.0	skos:inScheme	scheme:	_IRI
scheme:OSL3.0	skos:inScheme	scheme:	_IRI
scheme:OSL2.1	skos:inScheme	scheme:	_IRI
scheme:OSL2.0	skos:inScheme	scheme:	_IRI
scheme:OSL1.1	skos:inScheme	scheme:	_IRI
scheme:OSL1.0	skos:inScheme	scheme:	_IRI
scheme:OSETPL2.1	skos:inScheme	scheme:	_IRI
scheme:OPL1.0	skos:inScheme	scheme:	_IRI
scheme:OpenSSL	skos:inScheme	scheme:	_IRI
scheme:OML	skos:inScheme	scheme:	_IRI
scheme:OLDAP2.8	skos:inScheme	scheme:	_IRI
scheme:OLDAP2.7	skos:inScheme	scheme:	_IRI
scheme:OLDAP2.6	skos:inScheme	scheme:	_IRI
scheme:OLDAP2.5	skos:inScheme	scheme:	_IRI
scheme:OLDAP2.4	skos:inScheme	scheme:	_IRI
scheme:OLDAP2.3	skos:inScheme	scheme:	_IRI
scheme:OLDAP2.2.2	skos:inScheme	scheme:	_IRI
scheme:OLDAP2.2.1	skos:inScheme	scheme:	_IRI
scheme:OLDAP2.2	skos:inScheme	scheme:	_IRI
scheme:OLDAP2.1	skos:inScheme	scheme:	_IRI
scheme:OLDAP2.0.1	skos:inScheme	scheme:	_IRI
scheme:OLDAP2.0	skos:inScheme	scheme:	_IRI
scheme:OLDAP1.4	skos:inScheme	scheme:	_IRI
scheme:OLDAP1.3	skos:inScheme	scheme:	_IRI
scheme:OLDAP1.2	skos:inScheme	scheme:	_IRI
scheme:OLDAP1.1	skos:inScheme	scheme:	_IRI
scheme:OGTSL	skos:inScheme	scheme:	_IRI
scheme:OGLUK3.0	skos:inScheme	scheme:	_IRI
scheme:OGLUK2.0	skos:inScheme	scheme:	_IRI
scheme:OGLUK1.0	skos:inScheme	scheme:	_IRI
scheme:OGLCanada2.0	skos:inScheme	scheme:	_IRI
scheme:TORQUE1.1	skos:inScheme	scheme:	_IRI
scheme:TMate	skos:inScheme	scheme:	_IRI
scheme:TCPwrappers	skos:inScheme	scheme:	_IRI
scheme:TCL	skos:inScheme	scheme:	_IRI
scheme:TAPROHL1.0	skos:inScheme	scheme:	_IRI
scheme:SWL	skos:inScheme	scheme:	_IRI
scheme:SugarCRM1.1.3	skos:inScheme	scheme:	_IRI
scheme:SSPL1.0	skos:inScheme	scheme:	_IRI
scheme:SSHshort	skos:inScheme	scheme:	_IRI
scheme:SSHOpenSSH	skos:inScheme	scheme:	_IRI
scheme:SPL1.0	skos:inScheme	scheme:	_IRI
scheme:Spencer99	skos:inScheme	scheme:	_IRI
scheme:Spencer94	skos:inScheme	scheme:	_IRI
scheme:Spencer86	skos:inScheme	scheme:	_IRI
scheme:SNIA	skos:inScheme	scheme:	_IRI
scheme:SMPPL	skos:inScheme	scheme:	_IRI
scheme:SMLNJ	skos:inScheme	scheme:	_IRI
scheme:Sleepycat	skos:inScheme	scheme:	_IRI
scheme:SISSL1.2	skos:inScheme	scheme:	_IRI
scheme:SISSL	skos:inScheme	scheme:	_IRI
scheme:SimPL2.0	skos:inScheme	scheme:	_IRI
scheme:SHL0.51	skos:inScheme	scheme:	_IRI
scheme:SHL0.5	skos:inScheme	scheme:	_IRI
scheme:SGIB2.0	skos:inScheme	scheme:	_IRI
scheme:SGIB1.1	skos:inScheme	scheme:	_IRI
scheme:SGIB1.0	skos:inScheme	scheme:	_IRI
scheme:Sendmail8.23	skos:inScheme	scheme:	_IRI
scheme:Sendmail	skos:inScheme	scheme:	_IRI
scheme:SCEA	skos:inScheme	scheme:	_IRI
scheme:Saxpath	skos:inScheme	scheme:	_IRI
scheme:SAXPD	skos:inScheme	scheme:	_IRI
scheme:Ruby	skos:inScheme	scheme:	_IRI
scheme:RSCPL	skos:inScheme	scheme:	_IRI
scheme:RSAMD	skos:inScheme	scheme:	_IRI
scheme:RPSL1.0	skos:inScheme	scheme:	_IRI
scheme:RPL1.5	skos:inScheme	scheme:	_IRI
scheme:RPL1.1	skos:inScheme	scheme:	_IRI
scheme:RHeCos1.1	skos:inScheme	scheme:	_IRI
scheme:Rdisc	skos:inScheme	scheme:	_IRI
scheme:QPL1.0	skos:inScheme	scheme:	_IRI
scheme:Qhull	skos:inScheme	scheme:	_IRI
scheme:Python2.0	skos:inScheme	scheme:	_IRI
<https://spdx.org/licenses/>	skos:inScheme	scheme:	_IRI
scheme:LicenseIdentifierScheme	skos:inScheme	scheme:	_IRI
scheme:ZPL2.1	skos:inScheme	scheme:	_IRI
scheme:ZPL2.0	skos:inScheme	scheme:	_IRI
scheme:ZPL1.1	skos:inScheme	scheme:	_IRI
scheme:zlibacknowledgement	skos:inScheme	scheme:	_IRI
scheme:Zlib	skos:inScheme	scheme:	_IRI
scheme:Zimbra1.4	skos:inScheme	scheme:	_IRI
scheme:Zimbra1.3	skos:inScheme	scheme:	_IRI
scheme:Zend2.0	skos:inScheme	scheme:	_IRI
scheme:Zed	skos:inScheme	scheme:	_IRI
scheme:YPL1.1	skos:inScheme	scheme:	_IRI
scheme:YPL1.0	skos:inScheme	scheme:	_IRI
scheme:XSkat	skos:inScheme	scheme:	_IRI
scheme:xpp	skos:inScheme	scheme:	_IRI
scheme:Xnet	skos:inScheme	scheme:	_IRI
scheme:xinetd	skos:inScheme	scheme:	_IRI
scheme:XFree861.1	skos:inScheme	scheme:	_IRI
scheme:Xerox	skos:inScheme	scheme:	_IRI
scheme:X11	skos:inScheme	scheme:	_IRI
scheme:WTFPL	skos:inScheme	scheme:	_IRI
scheme:Wsuipa	skos:inScheme	scheme:	_IRI
scheme:Watcom1.0	skos:inScheme	scheme:	_IRI
scheme:W3C20150513	skos:inScheme	scheme:	_IRI
scheme:W3C19980720	skos:inScheme	scheme:	_IRI
scheme:W3C	skos:inScheme	scheme:	_IRI
scheme:VSL1.0	skos:inScheme	scheme:	_IRI
scheme:VOSTROM	skos:inScheme	scheme:	_IRI
scheme:Vim	skos:inScheme	scheme:	_IRI
scheme:UPL1.0	skos:inScheme	scheme:	_IRI
scheme:Unlicense	skos:inScheme	scheme:	_IRI
scheme:UnicodeTOU	skos:inScheme	scheme:	_IRI
scheme:UnicodeDFS2016	skos:inScheme	scheme:	_IRI
scheme:UnicodeDFS2015	skos:inScheme	scheme:	_IRI
scheme:UCL1.0	skos:inScheme	scheme:	_IRI
scheme:TUBerlin2.0	skos:inScheme	scheme:	_IRI
scheme:TUBerlin1.0	skos:inScheme	scheme:	_IRI
scheme:TOSL	skos:inScheme	scheme:	_IRI
scheme:application-cdf	skos:inScheme	scheme:	_IRI
scheme:application-book	skos:inScheme	scheme:	_IRI
scheme:application-binhex4	skos:inScheme	scheme:	_IRI
scheme:application-binhex	skos:inScheme	scheme:	_IRI
scheme:application-base64	skos:inScheme	scheme:	_IRI
scheme:application-arj	skos:inScheme	scheme:	_IRI
scheme:application-acad	skos:inScheme	scheme:	_IRI
scheme:application-x-bytecode.python	skos:inScheme	scheme:	_IRI
scheme:MIMEType	skos:inScheme	scheme:	_IRI
scheme:application-pkix-cert	skos:inScheme	scheme:	_IRI
scheme:application-pkcs7-signature	skos:inScheme	scheme:	_IRI
scheme:application-pkcs7-mime	skos:inScheme	scheme:	_IRI
scheme:application-pkcs10	skos:inScheme	scheme:	_IRI
scheme:application-pkcs-crl	skos:inScheme	scheme:	_IRI
scheme:application-pkcs-12	skos:inScheme	scheme:	_IRI
scheme:application-pdf	skos:inScheme	scheme:	_IRI
scheme:application-ogg	skos:inScheme	scheme:	_IRI
scheme:application-oda	skos:inScheme	scheme:	_IRI
scheme:application-octet-stream	skos:inScheme	scheme:	_IRI
scheme:application-netmc	skos:inScheme	scheme:	_IRI
scheme:application-mswrite	skos:inScheme	scheme:	_IRI
scheme:application-msword	skos:inScheme	scheme:	_IRI
scheme:application-mspowerpoint	skos:inScheme	scheme:	_IRI
scheme:application-mime	skos:inScheme	scheme:	_IRI
scheme:application-mcad	skos:inScheme	scheme:	_IRI
scheme:application-mbedlet	skos:inScheme	scheme:	_IRI
scheme:application-marc	skos:inScheme	scheme:	_IRI
scheme:application-macbinary	skos:inScheme	scheme:	_IRI
scheme:application-mac-compactpro	skos:inScheme	scheme:	_IRI
scheme:application-mac-binhex40	skos:inScheme	scheme:	_IRI
scheme:application-mac-binhex	skos:inScheme	scheme:	_IRI
scheme:application-mac-binary	skos:inScheme	scheme:	_IRI
scheme:application-lzx	skos:inScheme	scheme:	_IRI
scheme:application-lha	skos:inScheme	scheme:	_IRI
scheme:application-ld+json	skos:inScheme	scheme:	_IRI
scheme:application-json	skos:inScheme	scheme:	_IRI
scheme:application-javascript	skos:inScheme	scheme:	_IRI
scheme:application-java-byte-code	skos:inScheme	scheme:	_IRI
scheme:application-java-archive	skos:inScheme	scheme:	_IRI
scheme:application-java	skos:inScheme	scheme:	_IRI
scheme:application-inf	skos:inScheme	scheme:	_IRI
scheme:application-iges	skos:inScheme	scheme:	_IRI
scheme:application-i-deas	skos:inScheme	scheme:	_IRI
scheme:application-hta	skos:inScheme	scheme:	_IRI
scheme:application-hlp	skos:inScheme	scheme:	_IRI
scheme:application-groupwise	skos:inScheme	scheme:	_IRI
scheme:application-gnutar	skos:inScheme	scheme:	_IRI
scheme:application-futuresplash	skos:inScheme	scheme:	_IRI
scheme:application-freeloader	skos:inScheme	scheme:	_IRI
scheme:application-fractals	skos:inScheme	scheme:	_IRI
scheme:application-excel	skos:inScheme	scheme:	_IRI
scheme:application-epub+zip	skos:inScheme	scheme:	_IRI
scheme:application-envoy	skos:inScheme	scheme:	_IRI
scheme:application-ecmascript	skos:inScheme	scheme:	_IRI
scheme:application-dxf	skos:inScheme	scheme:	_IRI
scheme:application-dsptype	skos:inScheme	scheme:	_IRI
scheme:application-drafting	skos:inScheme	scheme:	_IRI
scheme:application-commonground	skos:inScheme	scheme:	_IRI
scheme:application-clariscad	skos:inScheme	scheme:	_IRI
scheme:application-wordperfect	skos:inScheme	scheme:	_IRI
scheme:application-vocaltec-media-file	skos:inScheme	scheme:	_IRI
scheme:application-vocaltec-media-desc	skos:inScheme	scheme:	_IRI
scheme:application-vnd.xara	skos:inScheme	scheme:	_IRI
scheme:application-vnd.wap.wmlscriptc	skos:inScheme	scheme:	_IRI
scheme:application-vnd.wap.wmlc	skos:inScheme	scheme:	_IRI
scheme:application-vnd.visio	skos:inScheme	scheme:	_IRI
scheme:application-vnd.rn-realplayer	skos:inScheme	scheme:	_IRI
scheme:application-vnd.rn-realmedia	skos:inScheme	scheme:	_IRI
scheme:application-vnd.openxmlformats-officedocument.wordprocessingml.document	skos:inScheme	scheme:	_IRI
scheme:application-vnd.openxmlformats-officedocument.spreadsheetml.sheet	skos:inScheme	scheme:	_IRI
scheme:application-vnd.openxmlformats-officedocument.presentationml.presentation	skos:inScheme	scheme:	_IRI
scheme:application-vnd.oasis.opendocument.text	skos:inScheme	scheme:	_IRI
scheme:application-vnd.oasis.opendocument.spreadsheet	skos:inScheme	scheme:	_IRI
scheme:application-vnd.oasis.opendocument.presentation	skos:inScheme	scheme:	_IRI
scheme:application-vnd.nokia.ringing-tone	skos:inScheme	scheme:	_IRI
scheme:application-vnd.nokia.configuration-message	skos:inScheme	scheme:	_IRI
scheme:application-vnd.ms-project	skos:inScheme	scheme:	_IRI
scheme:application-vnd.ms-powerpoint	skos:inScheme	scheme:	_IRI
scheme:application-vnd.ms-pki.stl	skos:inScheme	scheme:	_IRI
scheme:application-vnd.ms-pki.seccat	skos:inScheme	scheme:	_IRI
scheme:application-vnd.ms-pki.pko	skos:inScheme	scheme:	_IRI
scheme:application-vnd.ms-pki.certstore	skos:inScheme	scheme:	_IRI
scheme:application-vnd.ms-fontobject	skos:inScheme	scheme:	_IRI
scheme:application-vnd.ms-excel	skos:inScheme	scheme:	_IRI
scheme:application-vnd.mozilla.xul+xml	skos:inScheme	scheme:	_IRI
scheme:application-vnd.hp-pcl	skos:inScheme	scheme:	_IRI
scheme:application-vnd.hp-hpgl	skos:inScheme	scheme:	_IRI
scheme:application-vnd.fdf	skos:inScheme	scheme:	_IRI
scheme:application-vnd.apple.installer+xml	skos:inScheme	scheme:	_IRI
scheme:application-vnd.android.package-archive	skos:inScheme	scheme:	_IRI
scheme:application-vnd.amazon.ebook	skos:inScheme	scheme:	_IRI
scheme:application-vda	skos:inScheme	scheme:	_IRI
scheme:application-toolbook	skos:inScheme	scheme:	_IRI
scheme:application-streamingmedia	skos:inScheme	scheme:	_IRI
scheme:application-step	skos:inScheme	scheme:	_IRI
scheme:application-sounder	skos:inScheme	scheme:	_IRI
scheme:application-solids	skos:inScheme	scheme:	_IRI
scheme:application-smil	skos:inScheme	scheme:	_IRI
scheme:application-sla	skos:inScheme	scheme:	_IRI
scheme:application-set	skos:inScheme	scheme:	_IRI
scheme:application-sea	skos:inScheme	scheme:	_IRI
scheme:application-sdp	skos:inScheme	scheme:	_IRI
scheme:application-rtf	skos:inScheme	scheme:	_IRI
scheme:application-ringing-tones	skos:inScheme	scheme:	_IRI
scheme:application-pro_eng	skos:inScheme	scheme:	_IRI
scheme:application-powerpoint	skos:inScheme	scheme:	_IRI
scheme:application-postscript	skos:inScheme	scheme:	_IRI
scheme:application-plain	skos:inScheme	scheme:	_IRI
scheme:application-pkix-crl	skos:inScheme	scheme:	_IRI
scheme:application-x-java-class	skos:inScheme	scheme:	_IRI
scheme:application-x-ip2	skos:inScheme	scheme:	_IRI
scheme:application-x-inventor	skos:inScheme	scheme:	_IRI
scheme:application-x-internett-signup	skos:inScheme	scheme:	_IRI
scheme:application-x-ima	skos:inScheme	scheme:	_IRI
scheme:application-x-httpd-imap	skos:inScheme	scheme:	_IRI
scheme:application-x-helpfile	skos:inScheme	scheme:	_IRI
scheme:application-x-hdf	skos:inScheme	scheme:	_IRI
scheme:application-x-gzip	skos:inScheme	scheme:	_IRI
scheme:application-x-gtar	skos:inScheme	scheme:	_IRI
scheme:application-x-gss	skos:inScheme	scheme:	_IRI
scheme:application-x-gsp	skos:inScheme	scheme:	_IRI
scheme:application-x-freelance	skos:inScheme	scheme:	_IRI
scheme:application-x-freearc	skos:inScheme	scheme:	_IRI
scheme:application-x-frame	skos:inScheme	scheme:	_IRI
scheme:application-x-fictionbook	skos:inScheme	scheme:	_IRI
scheme:application-x-excel	skos:inScheme	scheme:	_IRI
scheme:application-x-esrehber	skos:inScheme	scheme:	_IRI
scheme:application-x-envoy	skos:inScheme	scheme:	_IRI
scheme:application-x-elc	skos:inScheme	scheme:	_IRI
scheme:application-x-dvi	skos:inScheme	scheme:	_IRI
scheme:application-x-director	skos:inScheme	scheme:	_IRI
scheme:application-x-deepv	skos:inScheme	scheme:	_IRI
scheme:application-x-csh	skos:inScheme	scheme:	_IRI
scheme:application-x-cpt	skos:inScheme	scheme:	_IRI
scheme:application-x-cpio	skos:inScheme	scheme:	_IRI
scheme:application-x-conference	skos:inScheme	scheme:	_IRI
scheme:application-x-compressed	skos:inScheme	scheme:	_IRI
scheme:application-x-compress	skos:inScheme	scheme:	_IRI
scheme:application-x-compactpro	skos:inScheme	scheme:	_IRI
scheme:application-x-cocoa	skos:inScheme	scheme:	_IRI
scheme:application-x-cmu-raster	skos:inScheme	scheme:	_IRI
scheme:application-x-chat	skos:inScheme	scheme:	_IRI
scheme:application-x-cdlink	skos:inScheme	scheme:	_IRI
scheme:application-x-cdf	skos:inScheme	scheme:	_IRI
scheme:application-x-bzip2	skos:inScheme	scheme:	_IRI
scheme:application-x-bzip	skos:inScheme	scheme:	_IRI
scheme:application-x-bytecode.elisp(compiledelisp)	skos:inScheme	scheme:	_IRI
scheme:application-x-bsh	skos:inScheme	scheme:	_IRI
scheme:application-x-binhex40	skos:inScheme	scheme:	_IRI
scheme:application-x-binary	skos:inScheme	scheme:	_IRI
scheme:application-x-bcpio	skos:inScheme	scheme:	_IRI
scheme:application-x-authorware-seg	skos:inScheme	scheme:	_IRI
scheme:application-x-authorware-map	skos:inScheme	scheme:	_IRI
scheme:application-x-authorware-bin	skos:inScheme	scheme:	_IRI
scheme:application-x-aim	skos:inScheme	scheme:	_IRI
scheme:application-x-abiword	skos:inScheme	scheme:	_IRI
scheme:application-x-7z-compressed	skos:inScheme	scheme:	_IRI
scheme:application-x-123	skos:inScheme	scheme:	_IRI
scheme:application-wordperfect6.1	skos:inScheme	scheme:	_IRI
scheme:application-wordperfect6.0	skos:inScheme	scheme:	_IRI
scheme:application-x-sea	skos:inScheme	scheme:	_IRI
scheme:application-x-sdp	skos:inScheme	scheme:	_IRI
scheme:application-x-rtf	skos:inScheme	scheme:	_IRI
scheme:application-x-rar-compressed	skos:inScheme	scheme:	_IRI
scheme:application-x-qpro	skos:inScheme	scheme:	_IRI
scheme:application-x-project	skos:inScheme	scheme:	_IRI
scheme:application-x-portable-anymap	skos:inScheme	scheme:	_IRI
scheme:application-x-pointplus	skos:inScheme	scheme:	_IRI
scheme:application-x-pkcs7-signature	skos:inScheme	scheme:	_IRI
scheme:application-x-pkcs7-mime	skos:inScheme	scheme:	_IRI
scheme:application-x-pkcs7-certreqresp	skos:inScheme	scheme:	_IRI
scheme:application-x-pkcs7-certificates	skos:inScheme	scheme:	_IRI
scheme:application-x-pkcs12	skos:inScheme	scheme:	_IRI
scheme:application-x-pkcs10	skos:inScheme	scheme:	_IRI
scheme:application-x-pixclscript	skos:inScheme	scheme:	_IRI
scheme:application-x-pcl	skos:inScheme	scheme:	_IRI
scheme:application-x-pagemaker	skos:inScheme	scheme:	_IRI
scheme:application-x-omcregerator	skos:inScheme	scheme:	_IRI
scheme:application-x-omcdatamaker	skos:inScheme	scheme:	_IRI
scheme:application-x-omc	skos:inScheme	scheme:	_IRI
scheme:application-x-nokia-9000-communicator-add-on-software	skos:inScheme	scheme:	_IRI
scheme:application-x-newton-compatible-pkg	skos:inScheme	scheme:	_IRI
scheme:application-x-netcdf	skos:inScheme	scheme:	_IRI
scheme:application-x-navistyle	skos:inScheme	scheme:	_IRI
scheme:application-x-navimap	skos:inScheme	scheme:	_IRI
scheme:application-x-navidoc	skos:inScheme	scheme:	_IRI
scheme:application-x-navi-animation	skos:inScheme	scheme:	_IRI
scheme:application-x-mspowerpoint	skos:inScheme	scheme:	_IRI
scheme:application-x-msexcel	skos:inScheme	scheme:	_IRI
scheme:application-x-mplayer2	skos:inScheme	scheme:	_IRI
scheme:application-x-mix-transfer	skos:inScheme	scheme:	_IRI
scheme:application-x-mif	skos:inScheme	scheme:	_IRI
scheme:application-x-midi	skos:inScheme	scheme:	_IRI
scheme:application-x-meme	skos:inScheme	scheme:	_IRI
scheme:application-x-mathcad	skos:inScheme	scheme:	_IRI
scheme:application-x-magic-cap-package-1.0	skos:inScheme	scheme:	_IRI
scheme:application-x-macbinary	skos:inScheme	scheme:	_IRI
scheme:application-x-mac-binhex40	skos:inScheme	scheme:	_IRI
scheme:application-x-lzx	skos:inScheme	scheme:	_IRI
scheme:application-x-lzh	skos:inScheme	scheme:	_IRI
scheme:application-x-lotusscreencam	skos:inScheme	scheme:	_IRI
scheme:application-x-lotus	skos:inScheme	scheme:	_IRI
scheme:application-x-livescreen	skos:inScheme	scheme:	_IRI
scheme:application-x-lisp	skos:inScheme	scheme:	_IRI
scheme:application-x-lha	skos:inScheme	scheme:	_IRI
scheme:application-x-latex	skos:inScheme	scheme:	_IRI
scheme:application-x-ksh	skos:inScheme	scheme:	_IRI
scheme:application-x-koan	skos:inScheme	scheme:	_IRI
scheme:application-x-javascript	skos:inScheme	scheme:	_IRI
scheme:application-x-java-commerce	skos:inScheme	scheme:	_IRI
scheme:audio-tsp-audio	skos:inScheme	scheme:	_IRI
scheme:audio-s3m	skos:inScheme	scheme:	_IRI
scheme:audio-ogg	skos:inScheme	scheme:	_IRI
scheme:audio-nspaudio	skos:inScheme	scheme:	_IRI
scheme:audio-mpeg	skos:inScheme	scheme:	_IRI
scheme:audio-mp3	skos:inScheme	scheme:	_IRI
scheme:audio-mod	skos:inScheme	scheme:	_IRI
scheme:audio-midi	skos:inScheme	scheme:	_IRI
scheme:audio-mid	skos:inScheme	scheme:	_IRI
scheme:audio-make.my.funk	skos:inScheme	scheme:	_IRI
scheme:audio-make	skos:inScheme	scheme:	_IRI
scheme:audio-it	skos:inScheme	scheme:	_IRI
scheme:audio-basic	skos:inScheme	scheme:	_IRI
scheme:audio-aiff	skos:inScheme	scheme:	_IRI
scheme:audio-aac	skos:inScheme	scheme:	_IRI
scheme:application-zip	skos:inScheme	scheme:	_IRI
scheme:application-xml	skos:inScheme	scheme:	_IRI
scheme:application-xhtml+xml	skos:inScheme	scheme:	_IRI
scheme:application-x-x509-user-cert	skos:inScheme	scheme:	_IRI
scheme:application-x-x509-ca-cert	skos:inScheme	scheme:	_IRI
scheme:application-x-wri	skos:inScheme	scheme:	_IRI
scheme:application-x-wpwin	skos:inScheme	scheme:	_IRI
scheme:application-x-world	skos:inScheme	scheme:	_IRI
scheme:application-x-wintalk	skos:inScheme	scheme:	_IRI
scheme:application-x-winhelp	skos:inScheme	scheme:	_IRI
scheme:application-x-wais-source	skos:inScheme	scheme:	_IRI
scheme:application-x-vrml	skos:inScheme	scheme:	_IRI
scheme:application-x-vnd.ls-xpix	skos:inScheme	scheme:	_IRI
scheme:application-x-vnd.audioexplosion.mzz	skos:inScheme	scheme:	_IRI
scheme:application-x-visio	skos:inScheme	scheme:	_IRI
scheme:application-x-ustar	skos:inScheme	scheme:	_IRI
scheme:application-x-troff-msvideo	skos:inScheme	scheme:	_IRI
scheme:application-x-troff-ms	skos:inScheme	scheme:	_IRI
scheme:application-x-troff-me	skos:inScheme	scheme:	_IRI
scheme:application-x-troff-man	skos:inScheme	scheme:	_IRI
scheme:application-x-troff	skos:inScheme	scheme:	_IRI
scheme:application-x-texinfo	skos:inScheme	scheme:	_IRI
scheme:application-x-tex	skos:inScheme	scheme:	_IRI
scheme:application-x-tcl	skos:inScheme	scheme:	_IRI
scheme:application-x-tbook	skos:inScheme	scheme:	_IRI
scheme:application-x-tar	skos:inScheme	scheme:	_IRI
scheme:application-x-sv4crc	skos:inScheme	scheme:	_IRI
scheme:application-x-sv4cpio	skos:inScheme	scheme:	_IRI
scheme:application-x-stuffit	skos:inScheme	scheme:	_IRI
scheme:application-x-sprite	skos:inScheme	scheme:	_IRI
scheme:application-x-sit	skos:inScheme	scheme:	_IRI
scheme:application-x-shockwave-flash	skos:inScheme	scheme:	_IRI
scheme:application-x-shar	skos:inScheme	scheme:	_IRI
scheme:application-x-sh	skos:inScheme	scheme:	_IRI
scheme:application-x-seelogo	skos:inScheme	scheme:	_IRI
scheme:image-tiff	skos:inScheme	scheme:	_IRI
scheme:image-svg+xml	skos:inScheme	scheme:	_IRI
scheme:image-png	skos:inScheme	scheme:	_IRI
scheme:image-pjpeg	skos:inScheme	scheme:	_IRI
scheme:image-pict	skos:inScheme	scheme:	_IRI
scheme:image-naplps	skos:inScheme	scheme:	_IRI
scheme:image-jutvision	skos:inScheme	scheme:	_IRI
scheme:image-jpeg	skos:inScheme	scheme:	_IRI
scheme:image-ief	skos:inScheme	scheme:	_IRI
scheme:image-gif	skos:inScheme	scheme:	_IRI
scheme:image-g3fax	skos:inScheme	scheme:	_IRI
scheme:image-florian	skos:inScheme	scheme:	_IRI
scheme:image-fif	skos:inScheme	scheme:	_IRI
scheme:image-cmu-raster	skos:inScheme	scheme:	_IRI
scheme:image-bmp	skos:inScheme	scheme:	_IRI
scheme:i-world-i-vrml	skos:inScheme	scheme:	_IRI
scheme:font-woff2	skos:inScheme	scheme:	_IRI
scheme:font-woff	skos:inScheme	scheme:	_IRI
scheme:font-ttf	skos:inScheme	scheme:	_IRI
scheme:font-otf	skos:inScheme	scheme:	_IRI
scheme:drawing-x-dwf(old)	skos:inScheme	scheme:	_IRI
scheme:chemical-x-pdb	skos:inScheme	scheme:	_IRI
scheme:audio-xm	skos:inScheme	scheme:	_IRI
scheme:audio-x-wav	skos:inScheme	scheme:	_IRI
scheme:audio-x-voc	skos:inScheme	scheme:	_IRI
scheme:audio-x-vnd.audioexplosion.mjuicemediafile	skos:inScheme	scheme:	_IRI
scheme:audio-x-twinvq-plugin	skos:inScheme	scheme:	_IRI
scheme:audio-x-twinvq	skos:inScheme	scheme:	_IRI
scheme:audio-x-realaudio	skos:inScheme	scheme:	_IRI
scheme:audio-x-psid	skos:inScheme	scheme:	_IRI
scheme:audio-x-pn-realaudio-plugin	skos:inScheme	scheme:	_IRI
scheme:audio-x-pn-realaudio	skos:inScheme	scheme:	_IRI
scheme:audio-x-nspaudio	skos:inScheme	scheme:	_IRI
scheme:audio-x-mpequrl	skos:inScheme	scheme:	_IRI
scheme:audio-x-mpeg	skos:inScheme	scheme:	_IRI
scheme:audio-x-mod	skos:inScheme	scheme:	_IRI
scheme:audio-x-midi	skos:inScheme	scheme:	_IRI
scheme:audio-x-mid	skos:inScheme	scheme:	_IRI
scheme:audio-x-liveaudio	skos:inScheme	scheme:	_IRI
scheme:audio-x-jam	skos:inScheme	scheme:	_IRI
scheme:audio-x-gsm	skos:inScheme	scheme:	_IRI
scheme:audio-x-au	skos:inScheme	scheme:	_IRI
scheme:audio-x-aiff	skos:inScheme	scheme:	_IRI
scheme:audio-x-adpcm	skos:inScheme	scheme:	_IRI
scheme:audio-webm	skos:inScheme	scheme:	_IRI
scheme:audio-wav	skos:inScheme	scheme:	_IRI
scheme:audio-voxware	skos:inScheme	scheme:	_IRI
scheme:audio-voc	skos:inScheme	scheme:	_IRI
scheme:audio-vnd.qcelp	skos:inScheme	scheme:	_IRI
scheme:audio-tsplayer	skos:inScheme	scheme:	_IRI
scheme:xgl-movie	skos:inScheme	scheme:	_IRI
scheme:xgl-drawing	skos:inScheme	scheme:	_IRI
scheme:x-world-x-vrt	skos:inScheme	scheme:	_IRI
scheme:x-world-x-vrml	skos:inScheme	scheme:	_IRI
scheme:x-world-x-svr	skos:inScheme	scheme:	_IRI
scheme:x-world-x-3dmf	skos:inScheme	scheme:	_IRI
scheme:x-music-x-midi	skos:inScheme	scheme:	_IRI
scheme:x-conference-x-cooltalk	skos:inScheme	scheme:	_IRI
scheme:www-mime	skos:inScheme	scheme:	_IRI
scheme:windows-metafile	skos:inScheme	scheme:	_IRI
scheme:video-x-sgi-movie	skos:inScheme	scheme:	_IRI
scheme:video-x-scm	skos:inScheme	scheme:	_IRI
scheme:video-x-qtc	skos:inScheme	scheme:	_IRI
scheme:video-x-msvideo	skos:inScheme	scheme:	_IRI
scheme:video-x-ms-asf-plugin	skos:inScheme	scheme:	_IRI
scheme:video-x-ms-asf	skos:inScheme	scheme:	_IRI
scheme:video-x-mpeq2a	skos:inScheme	scheme:	_IRI
scheme:video-x-mpeg	skos:inScheme	scheme:	_IRI
scheme:video-x-motion-jpeg	skos:inScheme	scheme:	_IRI
scheme:video-x-isvideo	skos:inScheme	scheme:	_IRI
scheme:video-x-gl	skos:inScheme	scheme:	_IRI
scheme:video-x-fli	skos:inScheme	scheme:	_IRI
scheme:video-x-dv	skos:inScheme	scheme:	_IRI
scheme:video-x-dl	skos:inScheme	scheme:	_IRI
scheme:video-x-atomic3d-feature	skos:inScheme	scheme:	_IRI
scheme:video-x-amt-showrun	skos:inScheme	scheme:	_IRI
scheme:video-x-amt-demorun	skos:inScheme	scheme:	_IRI
scheme:video-webm	skos:inScheme	scheme:	_IRI
scheme:video-vosaic	skos:inScheme	scheme:	_IRI
scheme:video-vnd.vivo	skos:inScheme	scheme:	_IRI
scheme:video-vnd.rn-realvideo	skos:inScheme	scheme:	_IRI
scheme:video-vivo	skos:inScheme	scheme:	_IRI
scheme:video-vdo	skos:inScheme	scheme:	_IRI
scheme:video-quicktime	skos:inScheme	scheme:	_IRI
scheme:video-ogg	skos:inScheme	scheme:	_IRI
scheme:video-msvideo	skos:inScheme	scheme:	_IRI
scheme:video-mpeg	skos:inScheme	scheme:	_IRI
scheme:video-mp4	skos:inScheme	scheme:	_IRI
scheme:video-mp2t	skos:inScheme	scheme:	_IRI
scheme:video-gl	skos:inScheme	scheme:	_IRI
scheme:video-fli	skos:inScheme	scheme:	_IRI
scheme:video-dl	skos:inScheme	scheme:	_IRI
scheme:video-avs-video	skos:inScheme	scheme:	_IRI
scheme:video-avi	skos:inScheme	scheme:	_IRI
scheme:video-animaflex	skos:inScheme	scheme:	_IRI
scheme:video-3gpp2	skos:inScheme	scheme:	_IRI
scheme:video-3gpp	skos:inScheme	scheme:	_IRI
scheme:text-xml	skos:inScheme	scheme:	_IRI
scheme:text-x-vcalendar	skos:inScheme	scheme:	_IRI
scheme:text-x-uuencode	skos:inScheme	scheme:	_IRI
scheme:text-x-uil	skos:inScheme	scheme:	_IRI
scheme:text-x-speech	skos:inScheme	scheme:	_IRI
scheme:text-x-sgml	skos:inScheme	scheme:	_IRI
scheme:text-x-setext	skos:inScheme	scheme:	_IRI
scheme:text-x-server-parsed-html	skos:inScheme	scheme:	_IRI
scheme:text-x-script.zsh	skos:inScheme	scheme:	_IRI
scheme:text-x-script.tcsh	skos:inScheme	scheme:	_IRI
scheme:text-x-script.tcl	skos:inScheme	scheme:	_IRI
scheme:text-x-script.sh	skos:inScheme	scheme:	_IRI
scheme:text-x-script.scheme	skos:inScheme	scheme:	_IRI
scheme:text-x-script.rexx	skos:inScheme	scheme:	_IRI
scheme:text-x-script.phyton	skos:inScheme	scheme:	_IRI
scheme:text-x-script.perl-module	skos:inScheme	scheme:	_IRI
scheme:text-x-script.perl	skos:inScheme	scheme:	_IRI
scheme:text-x-script.lisp	skos:inScheme	scheme:	_IRI
scheme:text-x-script.ksh	skos:inScheme	scheme:	_IRI
scheme:text-x-script.guile	skos:inScheme	scheme:	_IRI
scheme:text-x-script.elisp	skos:inScheme	scheme:	_IRI
scheme:text-x-script.csh	skos:inScheme	scheme:	_IRI
scheme:text-x-script	skos:inScheme	scheme:	_IRI
scheme:text-x-pascal	skos:inScheme	scheme:	_IRI
scheme:text-x-m	skos:inScheme	scheme:	_IRI
scheme:text-x-la-asf	skos:inScheme	scheme:	_IRI
scheme:text-x-java-source	skos:inScheme	scheme:	_IRI
scheme:text-x-h	skos:inScheme	scheme:	_IRI
scheme:text-x-fortran	skos:inScheme	scheme:	_IRI
scheme:text-x-component	skos:inScheme	scheme:	_IRI
scheme:text-x-c	skos:inScheme	scheme:	_IRI
scheme:text-x-audiosoft-intra	skos:inScheme	scheme:	_IRI
scheme:text-x-asm	skos:inScheme	scheme:	_IRI
scheme:text-webviewhtml	skos:inScheme	scheme:	_IRI
scheme:text-vnd.wap.wmlscript	skos:inScheme	scheme:	_IRI
scheme:text-vnd.wap.wml	skos:inScheme	scheme:	_IRI
scheme:text-vnd.rn-realtext	skos:inScheme	scheme:	_IRI
scheme:text-vnd.fmi.flexstor	skos:inScheme	scheme:	_IRI
scheme:text-vnd.abc	skos:inScheme	scheme:	_IRI
scheme:text-uri-list	skos:inScheme	scheme:	_IRI
scheme:text-tab-separated-values	skos:inScheme	scheme:	_IRI
scheme:text-sgml	skos:inScheme	scheme:	_IRI
scheme:text-scriplet	skos:inScheme	scheme:	_IRI
scheme:text-richtext	skos:inScheme	scheme:	_IRI
scheme:text-plain	skos:inScheme	scheme:	_IRI
scheme:text-pascal	skos:inScheme	scheme:	_IRI
scheme:text-mcf	skos:inScheme	scheme:	_IRI
scheme:text-javascript	skos:inScheme	scheme:	_IRI
scheme:text-html	skos:inScheme	scheme:	_IRI
scheme:text-fb2	skos:inScheme	scheme:	_IRI
scheme:text-ecmascript	skos:inScheme	scheme:	_IRI
scheme:text-csv	skos:inScheme	scheme:	_IRI
scheme:text-css	skos:inScheme	scheme:	_IRI
scheme:text-calendar	skos:inScheme	scheme:	_IRI
scheme:text-asp	skos:inScheme	scheme:	_IRI
scheme:paleovu-x-pv	skos:inScheme	scheme:	_IRI
scheme:music-x-karaoke	skos:inScheme	scheme:	_IRI
scheme:music-crescendo	skos:inScheme	scheme:	_IRI
scheme:multipart-x-ustar	skos:inScheme	scheme:	_IRI
scheme:multipart-x-gzip	skos:inScheme	scheme:	_IRI
scheme:model-x-pov	skos:inScheme	scheme:	_IRI
scheme:model-vrml	skos:inScheme	scheme:	_IRI
scheme:model-vnd.dwf	skos:inScheme	scheme:	_IRI
scheme:model-iges	skos:inScheme	scheme:	_IRI
scheme:message-rfc822	skos:inScheme	scheme:	_IRI
scheme:image-xpm	skos:inScheme	scheme:	_IRI
scheme:image-xbm	skos:inScheme	scheme:	_IRI
scheme:image-x-xwindowdump	skos:inScheme	scheme:	_IRI
scheme:image-x-xwd	skos:inScheme	scheme:	_IRI
scheme:image-x-xpixmap	skos:inScheme	scheme:	_IRI
scheme:image-x-xbm	skos:inScheme	scheme:	_IRI
scheme:image-x-xbitmap	skos:inScheme	scheme:	_IRI
scheme:image-x-windows-bmp	skos:inScheme	scheme:	_IRI
scheme:image-x-tiff	skos:inScheme	scheme:	_IRI
scheme:image-x-rgb	skos:inScheme	scheme:	_IRI
scheme:image-x-quicktime	skos:inScheme	scheme:	_IRI
scheme:image-x-portable-pixmap	skos:inScheme	scheme:	_IRI
scheme:image-x-portable-greymap	skos:inScheme	scheme:	_IRI
scheme:image-x-portable-graymap	skos:inScheme	scheme:	_IRI
scheme:image-x-portable-bitmap	skos:inScheme	scheme:	_IRI
scheme:image-x-portable-anymap	skos:inScheme	scheme:	_IRI
scheme:image-x-pict	skos:inScheme	scheme:	_IRI
scheme:image-x-pcx	skos:inScheme	scheme:	_IRI
scheme:image-x-niff	skos:inScheme	scheme:	_IRI
scheme:image-x-jps	skos:inScheme	scheme:	_IRI
scheme:image-x-jg	skos:inScheme	scheme:	_IRI
scheme:image-x-icon	skos:inScheme	scheme:	_IRI
scheme:image-x-dwg	skos:inScheme	scheme:	_IRI
scheme:image-x-cmu-raster	skos:inScheme	scheme:	_IRI
scheme:image-webp	skos:inScheme	scheme:	_IRI
scheme:image-vnd.xiff	skos:inScheme	scheme:	_IRI
scheme:image-vnd.wap.wbmp	skos:inScheme	scheme:	_IRI
scheme:image-vnd.rn-realpix	skos:inScheme	scheme:	_IRI
scheme:image-vnd.rn-realflash	skos:inScheme	scheme:	_IRI
scheme:image-vnd.net-fpx	skos:inScheme	scheme:	_IRI
scheme:image-vnd.microsoft.icon	skos:inScheme	scheme:	_IRI
scheme:image-vnd.fpx	skos:inScheme	scheme:	_IRI
scheme:image-vnd.dwg	skos:inScheme	scheme:	_IRI
scheme:image-vnd.djvu	skos:inScheme	scheme:	_IRI
scheme:image-vasa	skos:inScheme	scheme:	_IRI
